{"stats":{"minecraft:killed":{"vampirism:vampire":1,"gothic:stone_guardian":1,"grimoireofgaia:minotaurus":1,"minecraft:skeleton":4,"minecraft:magma_cube":2,"vampirism:task_master_vampire":1,"vampirism:hunter":1,"midnight_madness:dark_wolf":1,"minecraft:sheep":6,"minecraft:pillager":2,"minecraft:zombie":1,"grimoireofgaia:siren":1,"grimoireofgaia:harpy":1,"minecraft:stray":1,"grimoireofgaia:kobold":4},"minecraft:used":{"minecraft:stone_sword":98,"minecraft:spruce_slab":6,"minecraft:stone":28,"minecraft:iron_sword":45,"minecraft:torch":6,"minecraft:dirt":5,"evilcraft:flesh_humanoid":1,"minecraft:light_gray_wool":1,"minecraft:sweet_berries":27,"tombstone:gift":1,"minecraft:stone_pickaxe":7,"minecraft:oak_planks":13,"minecraft:wooden_pickaxe":8,"minecraft:sand":2,"minecraft:crafting_table":5,"minecraft:white_bed":3,"minecraft:black_bed":2,"minecraft:apple":4,"minecraft:bread":29,"minecraft:iron_pickaxe":109,"myceliummire:cage_fungus_hammer":23,"minecraft:stone_axe":174,"minecraft:cobblestone":6},"minecraft:dropped":{"minecraft:iron_sword":1,"minecraft:moss_block":2,"sophisticatedbackpacks:stack_upgrade_tier_3":1,"minecraft:copper_ingot":1,"minecraft:red_mushroom":2,"mca:book_romance":1,"tombstone:grave_dust":1,"minecraft:iron_leggings":1,"minecraft:gold_nugget":1,"myceliummire:bomb_vine":21,"minecraft:music_disc_cat":1,"minecraft:dandelion":1,"minecraft:iron_nugget":1,"minecraft:stone_sword":1,"gothic:snapperweed":1,"minecraft:rotten_flesh":1,"myceliummire:mushroom_vine":2,"sophisticatedbackpacks:backpack":1,"evilcraft:flesh_humanoid":1,"minecraft:pumpkin_seeds":3,"myceliummire:greenshroom":1,"minecraft:big_dripleaf":1},"minecraft:broken":{"minecraft:stone_axe":1},"minecraft:mined":{"minecraft:red_carpet":3,"minecraft:white_bed":2,"minecraft:mossy_stone_brick_slab":3,"myceliummire:mushroom_vine":2,"minecraft:grass_block":5,"minecraft:mangrove_fence":6,"minecraft:spruce_leaves":4,"minecraft:moss_block":1,"minecraft:red_mushroom":3,"minecraft:spawner":1,"minecraft:large_fern":3,"minecraft:magma_block":22,"myceliummire:cagefiungus":115,"minecraft:gold_block":3,"minecraft:mossy_stone_brick_stairs":1,"minecraft:bookshelf":8,"minecraft:cobblestone_slab":2,"minecraft:vine":1,"myceliummire:bomb_vine":8,"myceliummire:brown_mushroom_cluster":1,"myceliummire:yellowshroom":5,"minecraft:stone":34,"minecraft:spruce_slab":2,"minecraft:tripwire":4,"minecraft:redstone_block":1,"minecraft:brown_mushroom":4,"minecraft:soul_fire":1,"minecraft:crafting_table":3,"minecraft:dead_bush":2,"minecraft:mushroom_stem":2,"minecraft:stone_slab":3,"minecraft:tall_grass":1,"minecraft:cobblestone":3,"minecraft:sugar_cane":1,"minecraft:oak_planks":1,"minecraft:wall_torch":5,"minecraft:sweet_berry_bush":6,"minecraft:ice":1,"minecraft:lilac":1,"minecraft:spruce_log":144,"minecraft:light_gray_wool":1,"minecraft:black_bed":2,"minecraft:stone_brick_stairs":1,"minecraft:smooth_stone_slab":1,"minecraft:grass":47,"minecraft:oak_log":12,"minecraft:mycelium":9,"minecraft:sand":4,"minecraft:dirt":5,"minecraft:cobweb":14,"minecraft:cracked_stone_bricks":2,"myceliummire:blueshroom":2,"minecraft:tripwire_hook":1,"minecraft:small_dripleaf":2,"minecraft:netherrack":44,"minecraft:fern":1},"minecraft:killed_by":{"cursed_sheep:cursed_sheep":1,"gothic:ice_wolf":1,"midnight_madness:underworld_horror":1,"grimoireofgaia:flesh_lich":1,"grimoireofgaia:gravemite":1,"myceliummire:mushstalk":1},"minecraft:custom":{"minecraft:mob_kills":25,"minecraft:interact_with_crafting_table":24,"minecraft:open_barrel":3,"minecraft:leave_game":5,"minecraft:time_since_death":5008,"minecraft:climb_one_cm":19582,"minecraft:sprint_one_cm":381780,"minecraft:walk_one_cm":161013,"minecraft:drop":24,"minecraft:play_time":108619,"minecraft:sneak_time":2969,"minecraft:deaths":8,"minecraft:walk_under_water_one_cm":7668,"minecraft:jump":3165,"minecraft:walk_on_water_one_cm":20289,"minecraft:total_world_time":108619,"minecraft:interact_with_furnace":1,"tombstone:raider_killed":2,"minecraft:sleep_in_bed":9,"minecraft:time_since_rest":3759,"minecraft:damage_taken":3484,"minecraft:damage_dealt":7915,"tombstone:cast_on_ally":0,"minecraft:player_kills":1,"minecraft:swim_one_cm":25378,"minecraft:fly_one_cm":798386,"minecraft:open_chest":44,"minecraft:crouch_one_cm":9630,"tombstone:undead_killed":6,"minecraft:fall_one_cm":92277,"minecraft:inspect_dispenser":1},"minecraft:picked_up":{"minecraft:crafting_table":4,"minecraft:coarse_dirt":6,"minecraft:redstone_block":1,"minecraft:brown_mushroom":2,"minecraft:stone_slab":3,"minecraft:gold_block":2,"minecraft:string":17,"minecraft:smooth_stone_slab":1,"minecraft:item_frame":1,"myceliummire:bomb_vine":21,"midnight_madness:dark_soul":6,"minecraft:cracked_stone_bricks":2,"minecraft:gold_nugget":1,"minecraft:beef":2,"minecraft:cobblestone_slab":2,"minecraft:iron_nugget":7,"minecraft:light_gray_wool":2,"minecraft:spruce_slab":3,"gothic:snapperweed":1,"minecraft:sugar_cane":6,"midnight_madness:soul":1,"minecraft:stick":33,"minecraft:copper_ingot":10,"minecraft:big_dripleaf":1,"minecraft:torch":8,"minecraft:iron_horse_armor":1,"myceliummire:raw_sharp_mushroom":5,"minecraft:stone_sword":1,"minecraft:arrow":8,"minecraft:rotten_flesh":2,"minecraft:mutton":7,"myceliummire:brown_mushroom_cluster":1,"minecraft:white_wool":5,"minecraft:cobblestone":35,"minecraft:magma_block":15,"minecraft:feather":3,"minecraft:tripwire_hook":1,"minecraft:black_bed":2,"minecraft:leather":7,"minecraft:red_mushroom":3,"minecraft:oak_log":11,"evilcraft:flesh_humanoid":1,"myceliummire:greenshroom":1,"mca:book_romance":2,"minecraft:lapis_lazuli":3,"minecraft:dirt":12,"minecraft:white_banner":1,"myceliummire:blueshroom":10,"minecraft:mangrove_fence":6,"minecraft:red_carpet":3,"minecraft:bone":9,"minecraft:wheat_seeds":5,"minecraft:iron_ingot":11,"minecraft:moss_block":2,"minecraft:iron_sword":1,"minecraft:book":42,"minecraft:sweet_berries":27,"minecraft:dandelion":1,"minecraft:sand":5,"minecraft:spruce_sapling":40,"grimoireofgaia:box_iron":1,"minecraft:white_bed":3,"minecraft:spruce_log":194,"alexsmobs:animal_dictionary":1,"myceliummire:mushroom_vine":3,"minecraft:mossy_stone_brick_slab":1,"minecraft:diamond":1,"bossominium:the_bossdexium":1,"myceliummire:cagefiungus":117,"minecraft:emerald":5,"minecraft:netherrack":50,"grimoireofgaia:fur":2,"minecraft:coal":1},"minecraft:crafted":{"minecraft:oak_planks":44,"minecraft:iron_boots":1,"minecraft:leather":1,"sophisticatedbackpacks:copper_backpack":1,"minecraft:spruce_slab":6,"minecraft:stone_pickaxe":1,"minecraft:chest":2,"minecraft:dark_oak_planks":12,"sophisticatedbackpacks:iron_backpack":1,"sophisticatedbackpacks:backpack":2,"myceliummire:condensed_cage_fungus":12,"minecraft:crafting_table":3,"minecraft:spruce_planks":64,"minecraft:wooden_pickaxe":1,"minecraft:iron_helmet":1,"minecraft:iron_sword":1,"sophisticatedbackpacks:gold_backpack":1,"minecraft:stone_axe":3,"minecraft:bread":2,"minecraft:air":0,"myceliummire:cage_fungus_hammer":2,"minecraft:stick":12,"minecraft:iron_pickaxe":1,"minecraft:stone_sword":1,"minecraft:iron_leggings":2,"minecraft:white_bed":1,"minecraft:torch":4}},"DataVersion":3120}