{"stats":{"minecraft:killed":{"vampirism:vampire":1,"vampirism:task_master_vampire":1,"gothic:stone_guardian":1},"minecraft:picked_up":{"minecraft:crafting_table":2,"minecraft:black_bed":1,"minecraft:brown_mushroom":2,"minecraft:red_mushroom":1,"myceliummire:greenshroom":1,"mca:book_romance":1,"minecraft:string":1,"minecraft:dirt":8,"myceliummire:blueshroom":8,"minecraft:item_frame":1,"minecraft:red_carpet":3,"myceliummire:bomb_vine":21,"minecraft:wheat_seeds":5,"minecraft:spruce_slab":3,"minecraft:moss_block":2,"minecraft:book":21,"minecraft:stick":17,"minecraft:sweet_berries":14,"minecraft:big_dripleaf":1,"minecraft:sand":5,"minecraft:spruce_sapling":20,"minecraft:spruce_log":100,"myceliummire:mushroom_vine":1,"myceliummire:raw_sharp_mushroom":3,"myceliummire:cagefiungus":113,"myceliummire:brown_mushroom_cluster":1,"minecraft:cobblestone":13},"minecraft:broken":{"minecraft:stone_axe":1},"minecraft:dropped":{"minecraft:moss_block":2,"minecraft:big_dripleaf":1,"mca:book_romance":1},"minecraft:killed_by":{"grimoireofgaia:gravemite":1,"grimoireofgaia:flesh_lich":1},"minecraft:custom":{"minecraft:mob_kills":2,"minecraft:interact_with_crafting_table":6,"minecraft:open_barrel":2,"minecraft:leave_game":3,"minecraft:time_since_death":643,"minecraft:sleep_in_bed":2,"minecraft:climb_one_cm":6116,"minecraft:time_since_rest":574,"minecraft:sprint_one_cm":159442,"minecraft:damage_taken":893,"minecraft:walk_one_cm":51609,"minecraft:drop":4,"minecraft:damage_dealt":1353,"minecraft:swim_one_cm":11879,"minecraft:fly_one_cm":315867,"minecraft:open_chest":17,"minecraft:crouch_one_cm":1801,"minecraft:play_time":38775,"minecraft:deaths":3,"minecraft:sneak_time":672,"minecraft:walk_under_water_one_cm":1006,"minecraft:jump":1142,"minecraft:walk_on_water_one_cm":6972,"minecraft:total_world_time":38775,"minecraft:fall_one_cm":37879},"minecraft:crafted":{"myceliummire:condensed_cage_fungus":12,"minecraft:crafting_table":2,"minecraft:spruce_planks":44,"minecraft:wooden_pickaxe":1,"minecraft:stone_axe":2,"myceliummire:cage_fungus_hammer":2,"minecraft:spruce_slab":6,"minecraft:stick":4,"minecraft:stone_pickaxe":1,"minecraft:stone_sword":1},"minecraft:mined":{"minecraft:red_carpet":3,"minecraft:brown_mushroom":4,"minecraft:soul_fire":1,"myceliummire:mushroom_vine":1,"minecraft:crafting_table":2,"minecraft:grass_block":4,"minecraft:dead_bush":1,"minecraft:mushroom_stem":2,"minecraft:spruce_leaves":1,"minecraft:red_mushroom":1,"minecraft:moss_block":1,"minecraft:oak_planks":1,"minecraft:large_fern":2,"minecraft:sweet_berry_bush":6,"minecraft:lilac":1,"minecraft:spruce_log":139,"myceliummire:cagefiungus":112,"minecraft:black_bed":1,"minecraft:grass":38,"minecraft:bookshelf":8,"minecraft:mycelium":7,"minecraft:sand":4,"minecraft:dirt":4,"minecraft:cobweb":1,"myceliummire:bomb_vine":8,"myceliummire:blueshroom":2,"myceliummire:brown_mushroom_cluster":1,"myceliummire:yellowshroom":4,"minecraft:stone":13,"minecraft:small_dripleaf":2,"minecraft:spruce_slab":2},"minecraft:used":{"minecraft:stone_sword":29,"minecraft:spruce_slab":6,"minecraft:stone_pickaxe":5,"minecraft:wooden_pickaxe":8,"minecraft:dirt":5,"minecraft:sand":2,"minecraft:crafting_table":2,"minecraft:black_bed":1,"minecraft:apple":4,"minecraft:bread":3,"myceliummire:cage_fungus_hammer":1,"minecraft:stone_axe":150,"minecraft:sweet_berries":18,"tombstone:gift":1}},"DataVersion":3120}