{"stats":{"minecraft:killed":{"vampirism:vampire":1,"aquaculture:bluegill":4,"gothic:stone_guardian":1,"gothic:gothic_wolf":1,"grimoireofgaia:minotaurus":1,"grimoireofgaia:centaur":2,"minecraft:skeleton":4,"gothic:molerat":1,"minecraft:magma_cube":2,"vampirism:task_master_vampire":1,"cursed_sheep:cursed_sheep":3,"vampirism:hunter":1,"midnight_madness:dark_wolf":1,"minecraft:sheep":6,"minecraft:pillager":5,"minecraft:zombie":2,"grimoireofgaia:siren":1,"grimoireofgaia:harpy":1,"minecraft:stray":1,"grimoireofgaia:kobold":4,"endofherobrine:sheep":13,"gothic:bloodfly":1},"minecraft:used":{"minecraft:stone_sword":98,"minecraft:spruce_slab":6,"minecraft:stone":28,"minecraft:iron_sword":149,"minecraft:stone_hoe":46,"aquaculture:bluegill":3,"minecraft:torch":14,"minecraft:dirt":5,"minecraft:carrot":1,"evilcraft:flesh_humanoid":1,"gothic:grape":1,"minecraft:light_gray_wool":1,"minecraft:sweet_berries":33,"minecraft:furnace":9,"tombstone:gift":1,"minecraft:cooked_beef":1,"minecraft:cooked_mutton":5,"minecraft:stone_pickaxe":7,"minecraft:baked_potato":5,"minecraft:oak_planks":13,"minecraft:wooden_pickaxe":18,"minecraft:sandstone":3,"minecraft:sand":2,"gothic:lamb_sausage":3,"minecraft:crafting_table":10,"minecraft:blast_furnace":1,"minecraft:white_bed":9,"minecraft:black_bed":2,"justhammers:iron_hammer":68,"tombstone:bag_of_seeds":1,"minecraft:wooden_hoe":5,"minecraft:apple":4,"tombstone:magic_scroll":1,"minecraft:iron_pickaxe":168,"myceliummire:cage_fungus_hammer":28,"minecraft:bread":29,"minecraft:stone_axe":292,"minecraft:cobblestone":62,"minecraft:oak_boat":3,"minecraft:coarse_dirt":6},"minecraft:dropped":{"minecraft:iron_sword":1,"minecraft:wheat_seeds":1,"minecraft:moss_block":2,"sophisticatedbackpacks:stack_upgrade_tier_3":1,"minecraft:baked_potato":3,"vampirism:hunter_coat_legs_ultimate":1,"minecraft:cracked_stone_bricks":2,"minecraft:copper_ingot":1,"minecraft:red_mushroom":2,"mca:book_romance":1,"tombstone:grave_dust":1,"minecraft:iron_leggings":1,"minecraft:gold_nugget":1,"myceliummire:bomb_vine":21,"minecraft:music_disc_cat":1,"minecraft:spruce_sapling":11,"minecraft:dandelion":1,"minecraft:blackstone":12,"minecraft:iron_nugget":1,"minecraft:stone_sword":2,"gothic:snapperweed":1,"vampirism:obi_belt":1,"minecraft:rotten_flesh":1,"myceliummire:mushroom_vine":2,"minecraft:light_gray_wool":1,"minecraft:mossy_stone_brick_slab":1,"sophisticatedbackpacks:backpack":1,"minecraft:stone_slab":3,"evilcraft:flesh_humanoid":1,"minecraft:pumpkin_seeds":3,"myceliummire:greenshroom":1,"minecraft:big_dripleaf":1,"minecraft:magma_block":16,"minecraft:netherrack":50},"minecraft:broken":{"minecraft:stone_axe":1},"minecraft:mined":{"minecraft:red_carpet":5,"minecraft:white_bed":5,"minecraft:mossy_stone_brick_slab":3,"myceliummire:mushroom_vine":2,"minecraft:red_sand":1,"minecraft:spruce_fence":6,"minecraft:grass_block":6,"minecraft:mangrove_fence":6,"minecraft:spruce_leaves":10,"minecraft:moss_block":1,"minecraft:red_mushroom":3,"minecraft:sandstone":4,"minecraft:spawner":2,"minecraft:large_fern":3,"minecraft:hay_block":16,"minecraft:magma_block":22,"minecraft:furnace":8,"minecraft:iron_ore":8,"myceliummire:cagefiungus":115,"minecraft:stripped_spruce_log":1,"vampirism:tent":1,"minecraft:gold_block":3,"minecraft:mossy_stone_brick_stairs":1,"minecraft:bookshelf":23,"minecraft:vine":1,"minecraft:cobblestone_slab":2,"myceliummire:bomb_vine":8,"myceliummire:yellowshroom":5,"myceliummire:brown_mushroom_cluster":1,"minecraft:stone":46,"minecraft:spruce_slab":2,"minecraft:tripwire":4,"minecraft:smithing_table":1,"minecraft:oak_slab":1,"minecraft:brown_mushroom":4,"minecraft:redstone_block":1,"minecraft:lily_of_the_valley":1,"minecraft:soul_fire":1,"minecraft:crafting_table":5,"minecraft:torch":1,"minecraft:blast_furnace":2,"minecraft:dead_bush":2,"minecraft:mushroom_stem":2,"minecraft:stone_slab":3,"minecraft:tall_grass":9,"minecraft:cobblestone":3,"minecraft:oak_planks":1,"minecraft:sugar_cane":2,"minecraft:wall_torch":7,"minecraft:white_carpet":1,"minecraft:birch_log":5,"minecraft:sweet_berry_bush":7,"minecraft:ice":2,"minecraft:lilac":1,"minecraft:spruce_log":175,"minecraft:light_gray_wool":1,"minecraft:black_bed":2,"minecraft:stone_brick_stairs":1,"minecraft:smooth_stone_slab":1,"minecraft:grass":51,"minecraft:coal_ore":24,"minecraft:oak_log":46,"minecraft:mycelium":9,"minecraft:gravel":1,"minecraft:sand":10,"minecraft:dirt":5,"minecraft:cobweb":14,"minecraft:cracked_stone_bricks":2,"minecraft:tripwire_hook":1,"myceliummire:blueshroom":2,"minecraft:small_dripleaf":2,"minecraft:netherrack":44,"minecraft:oak_leaves":45,"minecraft:fern":1},"minecraft:killed_by":{"cursed_sheep:cursed_sheep":1,"gothic:ice_wolf":1,"midnight_madness:underworld_horror":1,"grimoireofgaia:flesh_lich":1,"grimoireofgaia:gravemite":1,"myceliummire:mushstalk":1},"minecraft:custom":{"minecraft:mob_kills":58,"minecraft:interact_with_crafting_table":38,"minecraft:open_barrel":11,"minecraft:leave_game":6,"minecraft:time_since_death":57135,"minecraft:climb_one_cm":19678,"minecraft:sprint_one_cm":514003,"minecraft:walk_one_cm":240386,"minecraft:drop":38,"minecraft:play_time":160746,"minecraft:sneak_time":4105,"minecraft:deaths":8,"minecraft:walk_under_water_one_cm":19325,"minecraft:boat_one_cm":146137,"minecraft:jump":4544,"minecraft:interact_with_blast_furnace":2,"minecraft:walk_on_water_one_cm":35409,"minecraft:total_world_time":160746,"minecraft:interact_with_furnace":31,"tombstone:raider_killed":5,"minecraft:sleep_in_bed":13,"minecraft:time_since_rest":3215,"minecraft:damage_taken":4513,"minecraft:damage_dealt":13469,"tombstone:cast_on_ally":0,"minecraft:player_kills":2,"minecraft:swim_one_cm":58698,"minecraft:fly_one_cm":1076922,"minecraft:open_chest":61,"minecraft:crouch_one_cm":12761,"tombstone:undead_killed":7,"minecraft:fall_one_cm":132657,"minecraft:inspect_dispenser":1},"minecraft:picked_up":{"minecraft:coarse_dirt":6,"minecraft:crafting_table":6,"minecraft:redstone_block":1,"minecraft:smithing_table":1,"minecraft:brown_mushroom":2,"minecraft:stone_slab":3,"minecraft:gold_block":2,"minecraft:string":18,"minecraft:smooth_stone_slab":1,"minecraft:white_carpet":1,"minecraft:item_frame":1,"myceliummire:bomb_vine":21,"minecraft:blackstone":13,"vampirism:obi_belt":1,"midnight_madness:dark_soul":6,"minecraft:cracked_stone_bricks":2,"aquaculture:bluegill":3,"minecraft:gold_nugget":1,"minecraft:beef":2,"minecraft:oak_boat":3,"minecraft:cobblestone_slab":2,"minecraft:calcite":2,"minecraft:iron_nugget":7,"minecraft:light_gray_wool":2,"minecraft:spruce_slab":3,"gothic:snapperweed":1,"minecraft:sugar_cane":9,"minecraft:birch_sapling":3,"minecraft:furnace":9,"midnight_madness:soul":1,"minecraft:stick":63,"minecraft:raw_iron":8,"minecraft:sandstone":3,"minecraft:big_dripleaf":1,"minecraft:copper_ingot":10,"minecraft:torch":11,"minecraft:spruce_fence":6,"tombstone:grave_dust":1,"minecraft:carrot":2,"minecraft:iron_horse_armor":1,"myceliummire:raw_sharp_mushroom":5,"minecraft:stone_sword":1,"minecraft:arrow":8,"minecraft:rotten_flesh":3,"minecraft:hay_block":16,"minecraft:mutton":14,"myceliummire:brown_mushroom_cluster":1,"minecraft:snowball":10,"minecraft:white_wool":5,"minecraft:cobblestone":172,"minecraft:birch_log":5,"minecraft:magma_block":16,"minecraft:feather":3,"vampirism:item_tent":1,"minecraft:tripwire_hook":1,"minecraft:black_bed":2,"minecraft:leather":7,"minecraft:red_mushroom":3,"minecraft:potato":8,"minecraft:oak_log":65,"evilcraft:flesh_humanoid":1,"myceliummire:greenshroom":1,"mca:book_romance":2,"vampirism:hunter_coat_legs_ultimate":1,"minecraft:lapis_lazuli":3,"minecraft:dirt":13,"minecraft:white_banner":1,"myceliummire:blueshroom":10,"minecraft:mangrove_fence":6,"minecraft:red_carpet":4,"minecraft:bone":9,"minecraft:wheat_seeds":8,"minecraft:iron_ingot":11,"tombstone:bag_of_seeds":1,"minecraft:moss_block":2,"minecraft:oak_planks":1,"minecraft:iron_sword":1,"minecraft:book":87,"minecraft:smooth_basalt":12,"minecraft:sweet_berries":27,"minecraft:dandelion":1,"minecraft:gravel":1,"minecraft:sand":14,"minecraft:spruce_sapling":51,"minecraft:blast_furnace":2,"minecraft:white_bed":7,"minecraft:spruce_log":234,"grimoireofgaia:box_iron":1,"minecraft:lily_of_the_valley":1,"myceliummire:mushroom_vine":3,"minecraft:mossy_stone_brick_slab":1,"alexsmobs:animal_dictionary":1,"minecraft:diamond":1,"waystones:waystone":2,"bossominium:the_bossdexium":1,"myceliummire:cagefiungus":117,"minecraft:emerald":5,"minecraft:baked_potato":3,"minecraft:oak_sapling":20,"minecraft:netherrack":50,"minecraft:coal":45,"grimoireofgaia:fur":2},"minecraft:crafted":{"minecraft:oak_planks":44,"minecraft:furnace":6,"minecraft:cooked_mutton":8,"minecraft:iron_boots":1,"minecraft:leather":1,"sophisticatedbackpacks:copper_backpack":1,"minecraft:spruce_slab":6,"minecraft:stone_pickaxe":1,"minecraft:chest":2,"minecraft:dark_oak_planks":12,"minecraft:stone_hoe":1,"sophisticatedbackpacks:iron_backpack":1,"minecraft:cooked_beef":2,"sophisticatedbackpacks:backpack":2,"myceliummire:condensed_cage_fungus":12,"minecraft:crafting_table":6,"minecraft:spruce_planks":64,"minecraft:iron_helmet":1,"minecraft:wooden_pickaxe":1,"minecraft:baked_potato":6,"minecraft:iron_sword":1,"sophisticatedbackpacks:gold_backpack":1,"minecraft:stone_axe":4,"minecraft:bread":2,"minecraft:air":0,"myceliummire:cage_fungus_hammer":2,"minecraft:oak_boat":1,"justhammers:iron_hammer":1,"minecraft:white_wool":1,"minecraft:wooden_hoe":1,"minecraft:charcoal":1,"minecraft:stick":24,"minecraft:iron_ingot":1,"minecraft:iron_pickaxe":1,"minecraft:stone_sword":1,"minecraft:iron_leggings":2,"minecraft:white_bed":2,"minecraft:torch":32}},"DataVersion":3120}