{"stats":{"minecraft:custom":{"minecraft:interact_with_crafting_table":73,"minecraft:open_barrel":23,"minecraft:leave_game":9,"minecraft:time_since_death":31139,"minecraft:sprint_one_cm":1099183,"minecraft:drop":57,"minecraft:talked_to_villager":1,"minecraft:play_time":491814,"minecraft:deaths":23,"minecraft:jump":10137,"minecraft:walk_on_water_one_cm":55801,"minecraft:interact_with_furnace":74,"minecraft:sleep_in_bed":20,"minecraft:waystone_activated":1,"minecraft:damage_dealt":29858,"minecraft:player_kills":3,"minecraft:crouch_one_cm":226963,"tombstone:undead_killed":35,"minecraft:interact_with_smoker":2,"minecraft:inspect_dispenser":1,"minecraft:mob_kills":122,"minecraft:damage_dealt_resisted":255,"minecraft:climb_one_cm":26695,"minecraft:walk_one_cm":730909,"minecraft:sneak_time":56406,"minecraft:walk_under_water_one_cm":38407,"minecraft:boat_one_cm":146137,"minecraft:interact_with_blast_furnace":3,"minecraft:total_world_time":491814,"tombstone:raider_killed":5,"minecraft:tune_noteblock":8,"minecraft:time_since_rest":30866,"minecraft:damage_taken":13779,"tombstone:cast_on_ally":1,"minecraft:swim_one_cm":114396,"minecraft:fly_one_cm":2834909,"minecraft:open_chest":141,"minecraft:fall_one_cm":308357},"minecraft:used":{"minecraft:moss_block":1,"minecraft:spruce_slab":6,"minecraft:stone":28,"minecraft:iron_sword":451,"aquaculture:bluegill":3,"minecraft:carrot":4,"gothic:giant_river_plant":1,"minecraft:tuff":76,"vampirism:item_tent":1,"minecraft:sweet_berries":33,"minecraft:furnace":15,"minecraft:potato":2,"minecraft:stone_pickaxe":75,"minecraft:oak_planks":24,"minecraft:wooden_pickaxe":18,"minecraft:sandstone":3,"minecraft:sand":5,"gothic:lamb_sausage":3,"gothic:meat_cooked":4,"minecraft:blast_furnace":1,"gothic:cheese":2,"minecraft:black_bed":3,"waystones:waystone":1,"minecraft:heavy_weighted_pressure_plate":5,"minecraft:bread":37,"myceliummire:cage_fungus_hammer":36,"tombstone:grave_key":3,"minecraft:diamond_sword":84,"minecraft:andesite":51,"minecraft:oak_boat":3,"minecraft:coarse_dirt":110,"minecraft:iron_bars":4,"minecraft:stone_sword":98,"minecraft:stone_hoe":47,"minecraft:torch":57,"minecraft:dirt":24,"simplyhotsprings:hot_spring_water_bucket":42,"minecraft:cobblestone_wall":2,"minecraft:iron_axe":191,"evilcraft:flesh_humanoid":1,"minecraft:light_gray_wool":1,"gothic:grape":1,"tombstone:gift":6,"minecraft:cooked_beef":1,"minecraft:cobbled_deepslate":39,"minecraft:light_gray_bed":1,"minecraft:cooked_mutton":8,"minecraft:water_bucket":25,"minecraft:baked_potato":66,"minecraft:mossy_cobblestone":10,"justhammers:diamond_hammer":546,"minecraft:crafting_table":23,"minecraft:white_bed":13,"justhammers:iron_hammer":1325,"tombstone:bag_of_seeds":1,"minecraft:wooden_hoe":5,"minecraft:diamond_pickaxe":108,"minecraft:apple":6,"minecraft:iron_pickaxe":491,"tombstone:magic_scroll":1,"minecraft:stone_axe":307,"minecraft:cobblestone":5917,"minecraft:bucket":68},"minecraft:killed_by":{"gothic:ice_wolf":1,"midnight_madness:fiend":2,"grimoireofgaia:cecaelia":2,"mimic_dweller:mimic_dweller":2,"grimoireofgaia:harpy":1,"grimoireofgaia:gravemite":1,"midnight_madness:dark_wolf":1,"myceliummire:mushstalk":1,"cursed_sheep:cursed_sheep":1,"minecraft:player":2,"midnight_madness:underworld_horror":1,"grimoireofgaia:flesh_lich":1},"minecraft:broken":{"minecraft:iron_boots":1,"minecraft:iron_leggings":1,"minecraft:stone_axe":1,"justhammers:iron_hammer":8,"minecraft:iron_pickaxe":1},"minecraft:dropped":{"sophisticatedbackpacks:iron_backpack":1,"minecraft:iron_sword":1,"minecraft:moss_block":2,"sophisticatedbackpacks:stack_upgrade_tier_3":1,"minecraft:baked_potato":3,"minecraft:cracked_stone_bricks":2,"minecraft:red_mushroom":2,"minecraft:dirt":1,"minecraft:gold_nugget":1,"minecraft:iron_pickaxe":1,"midnight_madness:dark_soul":1,"minecraft:blackstone":12,"minecraft:iron_nugget":1,"minecraft:rotten_flesh":1,"myceliummire:mushroom_vine":2,"minecraft:mossy_stone_brick_slab":1,"justhammers:iron_hammer":1,"evilcraft:flesh_humanoid":2,"myceliummire:greenshroom":1,"minecraft:netherrack":50,"minecraft:water_bucket":1,"minecraft:wheat_seeds":6,"minecraft:lilac":1,"vampirism:hunter_coat_legs_ultimate":1,"minecraft:cobblestone":16,"minecraft:copper_ingot":1,"simplyhotsprings:hot_spring_water_bucket":2,"mca:book_romance":1,"minecraft:torch":1,"tombstone:grave_key":1,"tombstone:grave_dust":1,"minecraft:iron_leggings":1,"myceliummire:bomb_vine":21,"minecraft:music_disc_cat":1,"minecraft:spruce_sapling":11,"minecraft:dandelion":1,"minecraft:stone_sword":2,"gothic:snapperweed":1,"vampirism:obi_belt":1,"minecraft:light_gray_wool":1,"sophisticatedbackpacks:backpack":1,"minecraft:stone_slab":3,"minecraft:pumpkin_seeds":3,"minecraft:big_dripleaf":1,"minecraft:light_gray_bed":1,"minecraft:magma_block":16},"minecraft:killed":{"vampirism:vampire":2,"midnight_madness:fiend":3,"gothic:stone_guardian":1,"grimoireofgaia:minotaurus":1,"gothic:gothic_wolf":1,"minecraft:skeleton":13,"minecraft:silverfish":2,"gothic:molerat":4,"minecraft:piglin_brute":4,"minecraft:magma_cube":2,"minecraft:piglin":3,"vampirism:task_master_vampire":1,"grimoireofgaia:banshee":1,"vampirism:hunter":1,"minecraft:sheep":9,"minecraft:pillager":5,"minecraft:zombie":18,"grimoireofgaia:siren":1,"grimoireofgaia:harpy":2,"minecraft:stray":1,"gothic:bloodfly":1,"endofherobrine:pigman":1,"minecraft:cow":6,"aquaculture:bluegill":4,"grimoireofgaia:centaur":2,"minecraft:horse":1,"cursed_sheep:cursed_sheep":4,"grimoireofgaia:cecaelia":3,"midnight_madness:dark_wolf":3,"grimoireofgaia:werecat":2,"grimoireofgaia:kobold":4,"endofherobrine:sheep":13},"minecraft:mined":{"minecraft:white_bed":8,"minecraft:mossy_stone_brick_slab":3,"minecraft:andesite_stairs":1,"minecraft:red_sand":1,"minecraft:grass_block":9,"minecraft:mangrove_fence":6,"minecraft:light_gray_bed":1,"minecraft:spawner":4,"minecraft:tall_seagrass":1,"minecraft:magma_block":22,"minecraft:iron_ore":16,"myceliummire:cagefiungus":115,"vampirism:tent":1,"minecraft:water_cauldron":1,"minecraft:iron_bars":4,"myceliummire:bomb_vine":8,"myceliummire:yellowshroom":5,"minecraft:spruce_slab":2,"minecraft:tripwire":4,"minecraft:brown_mushroom":4,"minecraft:smoker":1,"minecraft:soul_fire":1,"minecraft:amethyst_cluster":1,"minecraft:torch":13,"minecraft:blast_furnace":2,"minecraft:dead_bush":2,"minecraft:mushroom_stem":3,"minecraft:cobblestone":230,"minecraft:sugar_cane":6,"minecraft:oak_planks":2,"minecraft:iron_door":1,"minecraft:wall_torch":12,"minecraft:birch_log":33,"minecraft:lilac":3,"minecraft:light_gray_wool":1,"minecraft:black_bed":3,"minecraft:stone_brick_stairs":2,"minecraft:smooth_stone_slab":1,"minecraft:grass":138,"minecraft:oak_log":86,"minecraft:sand":10,"minecraft:dirt":15,"minecraft:tripwire_hook":1,"minecraft:netherrack":44,"minecraft:oak_leaves":90,"minecraft:deepslate":71,"minecraft:tuff":9,"minecraft:red_carpet":5,"minecraft:mossy_cobblestone":11,"minecraft:deepslate_diamond_ore":23,"minecraft:candle":1,"myceliummire:mushroom_vine":2,"minecraft:sea_lantern":2,"minecraft:spruce_fence":6,"minecraft:spruce_leaves":33,"minecraft:red_mushroom":3,"minecraft:moss_block":2,"minecraft:sandstone":4,"minecraft:large_fern":7,"minecraft:hay_block":16,"minecraft:furnace":8,"minecraft:heavy_weighted_pressure_plate":4,"minecraft:andesite":51,"minecraft:stripped_spruce_log":1,"evilcraft:dark_ore":1,"minecraft:gold_block":3,"minecraft:mossy_stone_brick_stairs":1,"minecraft:bookshelf":23,"minecraft:deepslate_iron_ore":1,"minecraft:cobblestone_slab":2,"minecraft:vine":2,"myceliummire:brown_mushroom_cluster":1,"minecraft:stone":82,"minecraft:smithing_table":1,"minecraft:podzol":1,"minecraft:oak_slab":1,"minecraft:redstone_block":1,"minecraft:lily_of_the_valley":1,"vampirism:tent_main":1,"minecraft:dandelion":1,"minecraft:crafting_table":8,"minecraft:andesite_wall":1,"minecraft:stone_slab":4,"minecraft:tall_grass":75,"minecraft:copper_ore":7,"minecraft:deepslate_gold_ore":4,"endofherobrine:mossy_stone_bricks":1,"minecraft:coarse_dirt":2,"minecraft:cobblestone_wall":2,"minecraft:sweet_berry_bush":7,"minecraft:ice":2,"minecraft:white_carpet":1,"minecraft:spruce_log":186,"minecraft:birch_leaves":27,"minecraft:coal_ore":29,"minecraft:mycelium":9,"minecraft:gravel":1,"minecraft:dripstone_block":1,"minecraft:cobweb":31,"minecraft:cracked_stone_bricks":2,"myceliummire:blueshroom":3,"minecraft:stone_bricks":5,"minecraft:small_dripleaf":2,"minecraft:mossy_stone_bricks":1,"minecraft:fern":7},"minecraft:picked_up":{"minecraft:redstone_block":1,"minecraft:smithing_table":1,"minecraft:stone_slab":4,"minecraft:stone_brick_stairs":1,"tombstone:grave_key":1,"vampirism:armor_of_swiftness_head_ultimate":1,"minecraft:string":34,"minecraft:raw_copper":43,"minecraft:smooth_stone_slab":1,"myceliummire:bomb_vine":21,"vampirism:obi_belt":1,"minecraft:cobbled_deepslate":2934,"minecraft:gold_nugget":1,"minecraft:calcite":2,"minecraft:cobblestone_slab":2,"minecraft:iron_pickaxe":1,"gothic:snapperweed":1,"midnight_madness:soul":3,"minecraft:furnace":9,"minecraft:stick":79,"minecraft:big_dripleaf":1,"minecraft:torch":35,"tombstone:grave_dust":4,"vampirism:vampire_fang":1,"minecraft:cauldron":1,"minecraft:andesite_wall":1,"myceliummire:raw_sharp_mushroom":5,"minecraft:stone_sword":1,"minecraft:light_gray_bed":1,"minecraft:rotten_flesh":20,"gothic:molerat_fat":2,"minecraft:obsidian":31,"minecraft:iron_bars":4,"minecraft:snowball":10,"minecraft:cobblestone":4383,"minecraft:birch_log":33,"minecraft:magma_block":16,"minecraft:feather":3,"minecraft:lilac":2,"minecraft:iron_door":1,"minecraft:water_bucket":1,"minecraft:andesite":85,"minecraft:black_bed":4,"minecraft:smoker":1,"minecraft:potato":134,"minecraft:tuff":278,"minecraft:light_gray_dye":2,"evilcraft:flesh_humanoid":1,"vampirism:hunter_coat_legs_ultimate":1,"minecraft:lapis_lazuli":82,"minecraft:dirt":80,"myceliummire:blueshroom":10,"minecraft:mangrove_fence":6,"minecraft:bone":20,"simplyhotsprings:hot_spring_water_bucket":2,"minecraft:bow":1,"minecraft:wheat_seeds":36,"minecraft:raw_gold":26,"minecraft:mossy_stone_bricks":1,"minecraft:moss_block":3,"minecraft:oak_planks":2,"justhammers:iron_hammer":1,"minecraft:sand":14,"sophisticatedbackpacks:iron_backpack":1,"minecraft:lily_of_the_valley":1,"minecraft:mossy_cobblestone":12,"alexsmobs:animal_dictionary":1,"myceliummire:mushroom_vine":3,"minecraft:clay":1,"minecraft:diamond":32,"waystones:waystone":3,"bossominium:the_bossdexium":1,"minecraft:emerald":5,"minecraft:oak_sapling":36,"minecraft:netherrack":50,"grimoireofgaia:fur":2,"minecraft:coarse_dirt":143,"minecraft:crafting_table":9,"minecraft:brown_mushroom":2,"minecraft:gold_block":2,"minecraft:heavy_weighted_pressure_plate":5,"minecraft:item_frame":1,"minecraft:white_carpet":1,"minecraft:blackstone":13,"midnight_madness:dark_soul":12,"minecraft:cracked_stone_bricks":2,"aquaculture:bluegill":3,"minecraft:candle":2,"minecraft:beef":12,"minecraft:andesite_stairs":1,"minecraft:oak_boat":3,"minecraft:iron_nugget":10,"minecraft:spruce_slab":3,"minecraft:light_gray_wool":3,"minecraft:sugar_cane":19,"minecraft:birch_sapling":21,"minecraft:raw_iron":38,"minecraft:sandstone":3,"grimoireofgaia:meat":2,"minecraft:copper_ingot":10,"minecraft:spruce_fence":6,"minecraft:carrot":2,"minecraft:redstone":40,"minecraft:prismarine_crystals":5,"minecraft:iron_horse_armor":1,"minecraft:arrow":17,"minecraft:hay_block":16,"minecraft:saddle":1,"fuze_relics:crocodile_scales":6,"minecraft:mutton":18,"myceliummire:brown_mushroom_cluster":1,"minecraft:white_wool":37,"vampirism:vampire_blood_bottle":4,"vampirism:item_tent":2,"minecraft:tripwire_hook":1,"minecraft:leather":10,"minecraft:red_mushroom":3,"minecraft:oak_log":104,"minecraft:cobblestone_wall":2,"myceliummire:greenshroom":1,"mca:book_romance":2,"minecraft:white_banner":1,"gothic:giant_river_plant":1,"minecraft:red_carpet":4,"minecraft:stone_bricks":5,"minecraft:apple":3,"minecraft:iron_ingot":58,"tombstone:bag_of_seeds":1,"minecraft:iron_sword":1,"minecraft:book":87,"minecraft:smooth_basalt":12,"minecraft:sweet_berries":27,"minecraft:dandelion":1,"minecraft:dripstone_block":1,"minecraft:gravel":1,"minecraft:amethyst_shard":4,"minecraft:spruce_sapling":54,"minecraft:blast_furnace":2,"minecraft:white_bed":11,"minecraft:spruce_log":242,"grimoireofgaia:box_iron":1,"minecraft:mossy_stone_brick_slab":1,"gothic:cave_mushrooms":1,"gothic:meat":4,"evilcraft:dark_gem":5,"myceliummire:cagefiungus":117,"minecraft:baked_potato":3,"minecraft:black_wool":2,"minecraft:coal":158},"minecraft:crafted":{"minecraft:oak_planks":136,"minecraft:cooked_mutton":8,"minecraft:diamond_helmet":1,"minecraft:iron_boots":1,"sophisticatedbackpacks:copper_backpack":1,"justhammers:diamond_hammer":1,"minecraft:chest":3,"minecraft:stone_hoe":1,"sophisticatedbackpacks:backpack":3,"myceliummire:condensed_cage_fungus":12,"minecraft:crafting_table":17,"minecraft:spruce_planks":116,"minecraft:iron_helmet":1,"minecraft:wooden_pickaxe":1,"minecraft:baked_potato":109,"myceliummire:cage_fungus_hammer":2,"minecraft:light_gray_bed":1,"minecraft:wooden_hoe":1,"minecraft:diamond_pickaxe":1,"minecraft:charcoal":1,"minecraft:stick":108,"minecraft:iron_ingot":1,"minecraft:iron_pickaxe":2,"minecraft:stone_sword":1,"minecraft:shears":1,"minecraft:furnace":6,"minecraft:light_gray_wool":2,"minecraft:bone_meal":63,"minecraft:leather":1,"minecraft:iron_axe":1,"minecraft:spruce_slab":6,"minecraft:stone_pickaxe":2,"minecraft:diamond_boots":1,"minecraft:dark_oak_planks":12,"sophisticatedbackpacks:iron_backpack":2,"minecraft:cooked_beef":2,"minecraft:diamond_sword":1,"minecraft:iron_sword":2,"sophisticatedbackpacks:gold_backpack":1,"minecraft:bucket":1,"minecraft:stone_axe":4,"minecraft:bread":2,"minecraft:air":0,"minecraft:oak_boat":1,"justhammers:iron_hammer":11,"minecraft:white_wool":3,"minecraft:white_dye":3,"minecraft:iron_leggings":2,"minecraft:white_bed":3,"minecraft:torch":32,"minecraft:diamond_chestplate":1}},"DataVersion":3120}