{"stats":{"minecraft:custom":{"minecraft:interact_with_crafting_table":58,"minecraft:open_barrel":20,"minecraft:leave_game":8,"minecraft:time_since_death":18691,"minecraft:sprint_one_cm":739965,"minecraft:drop":47,"minecraft:talked_to_villager":1,"minecraft:play_time":356848,"minecraft:deaths":14,"minecraft:jump":6787,"minecraft:walk_on_water_one_cm":39741,"minecraft:interact_with_furnace":69,"minecraft:sleep_in_bed":16,"minecraft:damage_dealt":19959,"minecraft:player_kills":2,"minecraft:crouch_one_cm":172202,"tombstone:undead_killed":18,"minecraft:interact_with_smoker":2,"minecraft:inspect_dispenser":1,"minecraft:mob_kills":84,"minecraft:climb_one_cm":19678,"minecraft:walk_one_cm":409463,"minecraft:sneak_time":44993,"minecraft:walk_under_water_one_cm":22870,"minecraft:boat_one_cm":146137,"minecraft:interact_with_blast_furnace":2,"minecraft:total_world_time":356848,"tombstone:raider_killed":5,"minecraft:time_since_rest":5159,"minecraft:damage_taken":7085,"tombstone:cast_on_ally":1,"minecraft:swim_one_cm":62062,"minecraft:fly_one_cm":2240326,"minecraft:open_chest":100,"minecraft:fall_one_cm":192889},"minecraft:used":{"minecraft:spruce_slab":6,"minecraft:stone":28,"minecraft:iron_sword":295,"aquaculture:bluegill":3,"minecraft:carrot":4,"vampirism:item_tent":1,"minecraft:sweet_berries":33,"minecraft:furnace":15,"minecraft:stone_pickaxe":75,"minecraft:oak_planks":20,"minecraft:wooden_pickaxe":18,"minecraft:sandstone":3,"gothic:lamb_sausage":3,"minecraft:sand":5,"gothic:meat_cooked":4,"minecraft:blast_furnace":1,"gothic:cheese":2,"minecraft:black_bed":3,"minecraft:heavy_weighted_pressure_plate":5,"minecraft:bread":29,"tombstone:grave_key":2,"myceliummire:cage_fungus_hammer":29,"minecraft:oak_boat":3,"minecraft:coarse_dirt":6,"minecraft:iron_bars":4,"minecraft:stone_sword":98,"minecraft:stone_hoe":47,"minecraft:torch":29,"minecraft:dirt":5,"minecraft:cobblestone_wall":2,"minecraft:iron_axe":25,"evilcraft:flesh_humanoid":1,"minecraft:light_gray_wool":1,"gothic:grape":1,"tombstone:gift":5,"minecraft:cooked_beef":1,"minecraft:cooked_mutton":8,"minecraft:water_bucket":24,"minecraft:baked_potato":16,"minecraft:mossy_cobblestone":2,"minecraft:crafting_table":18,"minecraft:white_bed":10,"justhammers:iron_hammer":673,"tombstone:bag_of_seeds":1,"minecraft:wooden_hoe":5,"minecraft:apple":6,"minecraft:iron_pickaxe":290,"tombstone:magic_scroll":1,"minecraft:stone_axe":307,"minecraft:cobblestone":4692,"minecraft:bucket":25},"minecraft:killed_by":{"gothic:ice_wolf":1,"mimic_dweller:mimic_dweller":1,"grimoireofgaia:harpy":1,"grimoireofgaia:gravemite":1,"myceliummire:mushstalk":1,"cursed_sheep:cursed_sheep":1,"minecraft:player":2,"midnight_madness:underworld_horror":1,"grimoireofgaia:flesh_lich":1},"minecraft:broken":{"minecraft:stone_axe":1,"justhammers:iron_hammer":4,"minecraft:iron_pickaxe":1},"minecraft:dropped":{"sophisticatedbackpacks:iron_backpack":1,"minecraft:iron_sword":1,"minecraft:moss_block":2,"sophisticatedbackpacks:stack_upgrade_tier_3":1,"minecraft:baked_potato":3,"minecraft:cracked_stone_bricks":2,"minecraft:red_mushroom":2,"minecraft:dirt":1,"minecraft:gold_nugget":1,"minecraft:blackstone":12,"minecraft:iron_nugget":1,"minecraft:rotten_flesh":1,"myceliummire:mushroom_vine":2,"minecraft:mossy_stone_brick_slab":1,"evilcraft:flesh_humanoid":1,"myceliummire:greenshroom":1,"minecraft:netherrack":50,"minecraft:water_bucket":1,"minecraft:wheat_seeds":6,"vampirism:hunter_coat_legs_ultimate":1,"minecraft:cobblestone":16,"minecraft:copper_ingot":1,"mca:book_romance":1,"tombstone:grave_dust":1,"minecraft:iron_leggings":1,"myceliummire:bomb_vine":21,"minecraft:music_disc_cat":1,"minecraft:spruce_sapling":11,"minecraft:dandelion":1,"minecraft:stone_sword":2,"gothic:snapperweed":1,"vampirism:obi_belt":1,"minecraft:light_gray_wool":1,"sophisticatedbackpacks:backpack":1,"minecraft:stone_slab":3,"minecraft:pumpkin_seeds":3,"minecraft:big_dripleaf":1,"minecraft:magma_block":16},"minecraft:killed":{"vampirism:vampire":2,"gothic:stone_guardian":1,"grimoireofgaia:minotaurus":1,"gothic:gothic_wolf":1,"minecraft:skeleton":8,"gothic:molerat":4,"minecraft:magma_cube":2,"vampirism:task_master_vampire":1,"vampirism:hunter":1,"minecraft:sheep":6,"minecraft:pillager":5,"minecraft:zombie":9,"grimoireofgaia:siren":1,"grimoireofgaia:harpy":2,"minecraft:stray":1,"gothic:bloodfly":1,"endofherobrine:pigman":1,"minecraft:cow":6,"aquaculture:bluegill":4,"grimoireofgaia:centaur":2,"minecraft:horse":1,"cursed_sheep:cursed_sheep":3,"midnight_madness:dark_wolf":1,"grimoireofgaia:werecat":2,"grimoireofgaia:kobold":4,"endofherobrine:sheep":13},"minecraft:mined":{"minecraft:white_bed":6,"minecraft:mossy_stone_brick_slab":3,"minecraft:red_sand":1,"minecraft:grass_block":7,"minecraft:mangrove_fence":6,"minecraft:spawner":2,"minecraft:magma_block":22,"minecraft:iron_ore":10,"myceliummire:cagefiungus":115,"vampirism:tent":1,"minecraft:iron_bars":4,"myceliummire:bomb_vine":8,"myceliummire:yellowshroom":5,"minecraft:spruce_slab":2,"minecraft:tripwire":4,"minecraft:brown_mushroom":4,"minecraft:smoker":1,"minecraft:soul_fire":1,"minecraft:torch":5,"minecraft:blast_furnace":2,"minecraft:dead_bush":2,"minecraft:mushroom_stem":2,"minecraft:cobblestone":155,"minecraft:sugar_cane":2,"minecraft:oak_planks":1,"minecraft:iron_door":1,"minecraft:wall_torch":9,"minecraft:birch_log":5,"minecraft:lilac":1,"minecraft:light_gray_wool":1,"minecraft:black_bed":3,"minecraft:stone_brick_stairs":1,"minecraft:smooth_stone_slab":1,"minecraft:grass":108,"minecraft:oak_log":69,"minecraft:sand":10,"minecraft:dirt":6,"minecraft:tripwire_hook":1,"minecraft:netherrack":44,"minecraft:oak_leaves":50,"minecraft:red_carpet":5,"minecraft:mossy_cobblestone":9,"myceliummire:mushroom_vine":2,"minecraft:sea_lantern":2,"minecraft:spruce_fence":6,"minecraft:spruce_leaves":11,"minecraft:red_mushroom":3,"minecraft:moss_block":2,"minecraft:sandstone":4,"minecraft:large_fern":6,"minecraft:hay_block":16,"minecraft:heavy_weighted_pressure_plate":4,"minecraft:furnace":8,"minecraft:stripped_spruce_log":1,"evilcraft:dark_ore":1,"minecraft:gold_block":3,"minecraft:mossy_stone_brick_stairs":1,"minecraft:bookshelf":23,"minecraft:cobblestone_slab":2,"minecraft:vine":1,"myceliummire:brown_mushroom_cluster":1,"minecraft:stone":51,"minecraft:smithing_table":1,"minecraft:oak_slab":1,"minecraft:redstone_block":1,"minecraft:lily_of_the_valley":1,"minecraft:dandelion":1,"vampirism:tent_main":1,"minecraft:crafting_table":6,"minecraft:andesite_wall":1,"minecraft:stone_slab":3,"minecraft:copper_ore":3,"minecraft:tall_grass":49,"endofherobrine:mossy_stone_bricks":1,"minecraft:cobblestone_wall":2,"minecraft:sweet_berry_bush":7,"minecraft:ice":2,"minecraft:white_carpet":1,"minecraft:spruce_log":175,"minecraft:birch_leaves":1,"minecraft:coal_ore":24,"minecraft:mycelium":9,"minecraft:gravel":1,"minecraft:cobweb":14,"minecraft:cracked_stone_bricks":2,"myceliummire:blueshroom":3,"minecraft:small_dripleaf":2,"minecraft:fern":4},"minecraft:picked_up":{"minecraft:redstone_block":1,"minecraft:smithing_table":1,"minecraft:stone_slab":3,"minecraft:string":18,"vampirism:armor_of_swiftness_head_ultimate":1,"minecraft:raw_copper":9,"minecraft:smooth_stone_slab":1,"myceliummire:bomb_vine":21,"vampirism:obi_belt":1,"minecraft:gold_nugget":1,"minecraft:calcite":2,"minecraft:cobblestone_slab":2,"gothic:snapperweed":1,"midnight_madness:soul":3,"minecraft:furnace":9,"minecraft:stick":63,"minecraft:big_dripleaf":1,"minecraft:torch":20,"tombstone:grave_dust":2,"vampirism:vampire_fang":1,"minecraft:andesite_wall":1,"myceliummire:raw_sharp_mushroom":5,"minecraft:stone_sword":1,"minecraft:rotten_flesh":12,"gothic:molerat_fat":2,"minecraft:iron_bars":4,"minecraft:snowball":10,"minecraft:cobblestone":2547,"minecraft:birch_log":5,"minecraft:magma_block":16,"minecraft:feather":3,"minecraft:iron_door":1,"minecraft:water_bucket":1,"minecraft:andesite":34,"minecraft:black_bed":4,"minecraft:smoker":1,"minecraft:potato":134,"evilcraft:flesh_humanoid":1,"vampirism:hunter_coat_legs_ultimate":1,"minecraft:lapis_lazuli":3,"minecraft:dirt":25,"myceliummire:blueshroom":10,"minecraft:mangrove_fence":6,"minecraft:bone":13,"minecraft:wheat_seeds":26,"minecraft:moss_block":3,"minecraft:oak_planks":1,"minecraft:sand":14,"sophisticatedbackpacks:iron_backpack":1,"minecraft:mossy_cobblestone":10,"minecraft:lily_of_the_valley":1,"alexsmobs:animal_dictionary":1,"myceliummire:mushroom_vine":3,"minecraft:diamond":1,"waystones:waystone":2,"bossominium:the_bossdexium":1,"minecraft:emerald":5,"minecraft:oak_sapling":25,"minecraft:netherrack":50,"grimoireofgaia:fur":2,"minecraft:crafting_table":7,"minecraft:coarse_dirt":6,"minecraft:brown_mushroom":2,"minecraft:gold_block":2,"minecraft:heavy_weighted_pressure_plate":5,"minecraft:white_carpet":1,"minecraft:item_frame":1,"minecraft:blackstone":13,"midnight_madness:dark_soul":7,"minecraft:cracked_stone_bricks":2,"aquaculture:bluegill":3,"minecraft:beef":12,"minecraft:oak_boat":3,"minecraft:iron_nugget":8,"minecraft:spruce_slab":3,"minecraft:light_gray_wool":2,"minecraft:sugar_cane":9,"minecraft:birch_sapling":3,"minecraft:raw_iron":15,"minecraft:sandstone":3,"grimoireofgaia:meat":2,"minecraft:copper_ingot":10,"minecraft:spruce_fence":6,"minecraft:carrot":2,"minecraft:prismarine_crystals":5,"minecraft:iron_horse_armor":1,"minecraft:arrow":13,"minecraft:hay_block":16,"minecraft:saddle":1,"fuze_relics:crocodile_scales":6,"minecraft:mutton":14,"myceliummire:brown_mushroom_cluster":1,"minecraft:white_wool":5,"vampirism:vampire_blood_bottle":4,"vampirism:item_tent":2,"minecraft:tripwire_hook":1,"minecraft:leather":10,"minecraft:red_mushroom":3,"minecraft:oak_log":88,"minecraft:cobblestone_wall":2,"mca:book_romance":2,"myceliummire:greenshroom":1,"minecraft:white_banner":1,"minecraft:red_carpet":4,"minecraft:apple":2,"minecraft:iron_ingot":58,"tombstone:bag_of_seeds":1,"minecraft:iron_sword":1,"minecraft:book":87,"minecraft:smooth_basalt":12,"minecraft:sweet_berries":27,"minecraft:dandelion":1,"minecraft:gravel":1,"minecraft:spruce_sapling":51,"minecraft:blast_furnace":2,"minecraft:white_bed":9,"minecraft:spruce_log":234,"grimoireofgaia:box_iron":1,"minecraft:mossy_stone_brick_slab":1,"gothic:meat":4,"evilcraft:dark_gem":5,"myceliummire:cagefiungus":117,"minecraft:baked_potato":3,"minecraft:coal":137},"minecraft:crafted":{"minecraft:oak_planks":124,"minecraft:cooked_mutton":8,"minecraft:iron_boots":1,"sophisticatedbackpacks:copper_backpack":1,"minecraft:chest":3,"minecraft:stone_hoe":1,"sophisticatedbackpacks:backpack":3,"myceliummire:condensed_cage_fungus":12,"minecraft:crafting_table":13,"minecraft:spruce_planks":112,"minecraft:iron_helmet":1,"minecraft:wooden_pickaxe":1,"minecraft:baked_potato":109,"myceliummire:cage_fungus_hammer":2,"minecraft:wooden_hoe":1,"minecraft:charcoal":1,"minecraft:stick":80,"minecraft:iron_ingot":1,"minecraft:iron_pickaxe":2,"minecraft:stone_sword":1,"minecraft:furnace":6,"minecraft:leather":1,"minecraft:iron_axe":1,"minecraft:spruce_slab":6,"minecraft:stone_pickaxe":2,"minecraft:dark_oak_planks":12,"sophisticatedbackpacks:iron_backpack":2,"minecraft:cooked_beef":2,"minecraft:iron_sword":2,"sophisticatedbackpacks:gold_backpack":1,"minecraft:bucket":1,"minecraft:stone_axe":4,"minecraft:bread":2,"minecraft:air":0,"minecraft:oak_boat":1,"justhammers:iron_hammer":8,"minecraft:white_wool":1,"minecraft:iron_leggings":2,"minecraft:white_bed":2,"minecraft:torch":32}},"DataVersion":3120}