{"stats":{"minecraft:picked_up":{"minecraft:dirt":2},"minecraft:dropped":{"minecraft:dirt":2},"minecraft:custom":{"minecraft:jump":22,"minecraft:time_since_rest":662,"minecraft:leave_game":1,"minecraft:crouch_one_cm":52,"minecraft:sprint_one_cm":5011,"minecraft:play_time":662,"minecraft:damage_taken":10,"minecraft:time_since_death":662,"minecraft:walk_one_cm":909,"minecraft:sneak_time":24,"minecraft:total_world_time":662,"minecraft:drop":1,"minecraft:fall_one_cm":544,"minecraft:fly_one_cm":3616},"minecraft:mined":{"minecraft:grass_block":2,"minecraft:oak_leaves":1}},"DataVersion":3120}