{"stats":{"minecraft:picked_up":{"minecraft:porkchop":3,"minecraft:dirt":7},"minecraft:killed":{"minecraft:pig":1},"minecraft:mined":{"minecraft:grass":1,"minecraft:grass_block":7,"minecraft:oak_leaves":1},"minecraft:custom":{"minecraft:jump":60,"minecraft:time_since_rest":2311,"minecraft:leave_game":3,"minecraft:play_time":2311,"minecraft:crouch_one_cm":52,"minecraft:sprint_one_cm":7328,"minecraft:damage_taken":10,"minecraft:time_since_death":2311,"minecraft:walk_one_cm":3297,"minecraft:sneak_time":24,"minecraft:total_world_time":2311,"minecraft:mob_kills":1,"minecraft:fall_one_cm":1380,"minecraft:drop":4,"minecraft:fly_one_cm":6862,"minecraft:damage_dealt":100},"minecraft:dropped":{"minecraft:dirt":5}},"DataVersion":3120}