{"stats":{"minecraft:broken":{"justhammers:iron_hammer":1,"minecraft:iron_sword":2,"minecraft:iron_helmet":1},"minecraft:crafted":{"minecraft:oak_planks":28,"minecraft:raw_iron":63,"minecraft:bone_meal":18,"minecraft:cooked_mutton":1,"minecraft:iron_boots":1,"minecraft:leather":3,"sophisticatedbackpacks:copper_backpack":1,"minecraft:iron_axe":1,"minecraft:stone_pickaxe":1,"minecraft:spruce_boat":1,"minecraft:stone_hoe":1,"minecraft:oak_fence":21,"sophisticatedbackpacks:iron_backpack":1,"gothic:meat_cooked":5,"minecraft:cooked_porkchop":11,"minecraft:crafting_table":3,"minecraft:spruce_planks":88,"minecraft:wooden_pickaxe":1,"minecraft:baked_potato":2,"minecraft:iron_sword":3,"minecraft:copper_ingot":17,"sophisticatedbackpacks:gold_backpack":1,"minecraft:stone_axe":1,"minecraft:bread":1,"minecraft:air":0,"justhammers:iron_hammer":6,"minecraft:iron_chestplate":1,"minecraft:stick":4,"minecraft:iron_ingot":45,"minecraft:iron_pickaxe":1,"minecraft:gold_ingot":10,"minecraft:torch":20},"minecraft:dropped":{"vampirism:item_garlic":5,"minecraft:lilac":1,"aquaculture:brown_trout":1,"vampirism:hunter_coat_legs_ultimate":1,"minecraft:leather":5,"gothic:meadow_knotweed":1,"minecraft:saddle":1,"minecraft:copper_ingot":9,"bossominium:the_bossdexium":1,"minecraft:item_frame":2,"minecraft:stick":4,"minecraft:dirt":2,"mca:book_romance":1,"minecraft:snowball":10,"minecraft:gold_nugget":2,"minecraft:pumpkin_pie":1,"minecraft:dandelion":1,"minecraft:sweet_berries":13,"minecraft:iron_nugget":1,"minecraft:coarse_dirt":4,"alexsmobs:animal_dictionary":1,"gothic:snapperweed":1,"midnight_madness:dark_wolf_skin":3,"minecraft:rotten_flesh":19,"minecraft:white_bed":2,"minecraft:pumpkin_seeds":3,"minecraft:poppy":2,"minecraft:rabbit_hide":1,"minecraft:cobblestone_slab":1,"minecraft:stone":4,"minecraft:peony":2,"minecraft:leather_boots":2,"minecraft:andesite":54,"minecraft:oak_sapling":3},"minecraft:custom":{"minecraft:mob_kills":106,"minecraft:animals_bred":1,"minecraft:interact_with_crafting_table":32,"minecraft:open_barrel":21,"minecraft:eat_cake_slice":4,"minecraft:leave_game":4,"minecraft:time_since_death":39033,"minecraft:climb_one_cm":20273,"minecraft:sprint_one_cm":1021625,"minecraft:walk_one_cm":491977,"minecraft:drop":41,"minecraft:talked_to_villager":2,"minecraft:play_time":300494,"minecraft:sneak_time":28177,"minecraft:deaths":13,"minecraft:walk_under_water_one_cm":42451,"minecraft:boat_one_cm":222686,"minecraft:interact_with_lectern":1,"minecraft:jump":5303,"minecraft:interact_with_blast_furnace":3,"minecraft:walk_on_water_one_cm":56614,"minecraft:total_world_time":300494,"minecraft:interact_with_furnace":50,"tombstone:raider_killed":6,"minecraft:tune_noteblock":1,"minecraft:interact_with_loom":1,"minecraft:sleep_in_bed":13,"minecraft:time_since_rest":38247,"minecraft:damage_taken":8378,"minecraft:damage_dealt":24498,"minecraft:player_kills":1,"minecraft:swim_one_cm":103111,"minecraft:fly_one_cm":1135008,"minecraft:open_chest":83,"minecraft:crouch_one_cm":70009,"tombstone:undead_killed":30,"tombstone:villager_killed":1,"minecraft:fall_one_cm":136985},"minecraft:killed":{"minecraft:witch":1,"midnight_madness:fiend":2,"minecraft:spider":3,"midnight_madness:hanged_man":1,"aquaculture:gar":1,"gothic:gothic_wolf":1,"grimoireofgaia:centaur":1,"minecraft:skeleton":13,"aquaculture:brown_trout":1,"grimoireofgaia:gravemite":6,"minecraft:magma_cube":5,"minecraft:pig":5,"cursed_sheep:cursed_sheep":1,"fuze_relics:crocodile":6,"gothic:lurker":3,"midnight_madness:dark_wolf":1,"minecraft:sheep":2,"grimoireofgaia:mummy":1,"minecraft:pillager":5,"minecraft:zombie":14,"gothic:ice_wolf":1,"grimoireofgaia:harpy":6,"fuze_relics:nerd_villager":1,"grimoireofgaia:kobold":1,"endofherobrine:sheep":15,"endofherobrine:pigman":2,"minecraft:cow":4},"minecraft:mined":{"minecraft:white_bed":9,"minecraft:mossy_cobblestone":3,"minecraft:mossy_stone_brick_slab":1,"gothic:waterpipe":1,"minecraft:spruce_fence":2,"minecraft:grass_block":18,"minecraft:rooted_dirt":2,"minecraft:spawner":4,"minecraft:large_fern":7,"minecraft:raw_iron_block":7,"minecraft:furnace":15,"minecraft:iron_ore":12,"minecraft:peony":1,"minecraft:potatoes":8,"minecraft:bookshelf":12,"minecraft:deepslate_iron_ore":4,"minecraft:cobblestone_slab":1,"minecraft:stone":23,"minecraft:spruce_slab":1,"minecraft:oak_fence":2,"minecraft:crafting_table":9,"minecraft:torch":7,"minecraft:campfire":1,"minecraft:mushroom_stem":2,"minecraft:stone_slab":1,"minecraft:copper_ore":5,"minecraft:tall_grass":41,"minecraft:cobblestone":44,"minecraft:sugar_cane":6,"minecraft:wall_torch":9,"minecraft:coarse_dirt":5,"minecraft:birch_log":33,"minecraft:sweet_berry_bush":29,"minecraft:ice":4,"minecraft:spruce_log":29,"minecraft:light_gray_wool":1,"minecraft:black_bed":6,"minecraft:white_wall_banner":2,"minecraft:grass":100,"minecraft:coal_ore":26,"minecraft:oak_log":133,"minecraft:sand":45,"minecraft:gravel":1,"minecraft:dirt":3,"minecraft:cobweb":5,"minecraft:smooth_basalt":1,"myceliummire:blueshroom":9,"minecraft:oak_leaves":11},"minecraft:used":{"minecraft:oak_fence":23,"minecraft:red_sand":1,"minecraft:iron_shovel":69,"minecraft:spruce_slab":1,"minecraft:spruce_planks":5,"minecraft:iron_sword":654,"minecraft:stone_hoe":32,"minecraft:torch":38,"minecraft:mutton":2,"minecraft:dirt":83,"minecraft:carrot":6,"minecraft:spruce_fence":20,"minecraft:spruce_boat":1,"myceliummire:blueshroom":1,"minecraft:rooted_dirt":5,"minecraft:iron_axe":209,"minecraft:light_gray_wool":1,"minecraft:red_carpet":1,"minecraft:bow":16,"minecraft:beef":3,"minecraft:sweet_berries":62,"minecraft:furnace":9,"tombstone:gift":5,"minecraft:potato":32,"minecraft:cooked_mutton":1,"minecraft:water_bucket":36,"minecraft:baked_potato":7,"minecraft:stone_pickaxe":79,"minecraft:wooden_pickaxe":9,"minecraft:cobblestone_slab":1,"minecraft:mossy_cobblestone":3,"minecraft:sand":3,"gothic:meat_cooked":13,"minecraft:crafting_table":8,"gothic:cheese":16,"minecraft:white_bed":8,"minecraft:black_bed":4,"justhammers:iron_hammer":762,"minecraft:apple":11,"minecraft:chicken":2,"minecraft:bread":25,"minecraft:iron_pickaxe":78,"minecraft:stone_slab":1,"minecraft:gravel":1,"aquaculture:gar":1,"minecraft:stone_axe":95,"minecraft:cobblestone":2259,"minecraft:cooked_porkchop":11,"minecraft:bucket":37,"minecraft:coarse_dirt":5,"minecraft:gray_wool":1,"minecraft:bone_meal":14},"minecraft:killed_by":{"minecraft:player":2,"midnight_madness:fiend":1,"myceliummire:puffshroom":1,"gothic:gothic_wolf":1,"man:managgresive":1,"grimoireofgaia:kobold":1,"grimoireofgaia:minotaurus":1,"minecraft:skeleton":1,"gothic:bloodfly":1},"minecraft:picked_up":{"minecraft:charcoal":2,"minecraft:crafting_table":9,"minecraft:coarse_dirt":4,"minecraft:chicken":2,"minecraft:stone_slab":1,"minecraft:gold_block":1,"minecraft:string":9,"minecraft:raw_copper":21,"minecraft:iron_leggings":1,"minecraft:item_frame":2,"midnight_madness:dark_soul":3,"minecraft:red_sand":1,"fuze_relics:crocodile_egg":1,"minecraft:beef":3,"minecraft:echo_shard":1,"minecraft:cobblestone_slab":2,"minecraft:light_gray_wool":1,"minecraft:iron_nugget":2,"minecraft:poppy":2,"minecraft:spruce_slab":1,"gothic:snapperweed":1,"minecraft:sugar_cane":16,"minecraft:birch_sapling":6,"minecraft:furnace":14,"midnight_madness:soul":1,"minecraft:stick":51,"minecraft:raw_iron":28,"minecraft:oak_fence":2,"minecraft:torch":21,"minecraft:spruce_fence":2,"sophisticatedbackpacks:backpack":1,"minecraft:porkchop":11,"tombstone:grave_dust":6,"sophisticatedbackpacks:stack_upgrade_tier_3":1,"minecraft:arrow":5,"minecraft:rotten_flesh":19,"minecraft:peony":2,"aquaculture:brown_trout":2,"minecraft:saddle":1,"tombstone:essence_of_undeath":1,"fuze_relics:crocodile_scales":9,"gothic:molerat_fat":1,"minecraft:mutton":4,"minecraft:snowball":10,"minecraft:cobblestone":3251,"minecraft:birch_log":32,"minecraft:magma_block":3,"minecraft:feather":3,"minecraft:lilac":1,"minecraft:andesite":66,"minecraft:black_bed":6,"minecraft:leather":4,"minecraft:potato":24,"minecraft:oak_log":104,"minecraft:gunpowder":2,"vampirism:hunter_coat_legs_ultimate":1,"minecraft:dirt":87,"minecraft:white_banner":2,"myceliummire:blueshroom":18,"minecraft:leather_boots":1,"minecraft:red_carpet":1,"minecraft:bone":11,"minecraft:apple":6,"minecraft:bow":1,"minecraft:wheat_seeds":17,"minecraft:iron_ingot":3,"minecraft:oak_planks":1,"midnight_madness:dark_wolf_skin":3,"minecraft:book":36,"minecraft:oak_slab":1,"minecraft:smooth_basalt":15,"aquaculture:gar":1,"minecraft:sweet_berries":69,"minecraft:dandelion":1,"minecraft:raw_iron_block":7,"minecraft:gravel":1,"minecraft:sand":44,"minecraft:spruce_sapling":6,"minecraft:white_bed":10,"minecraft:spruce_log":29,"minecraft:mossy_stone_brick_slab":3,"minecraft:mossy_cobblestone":3,"gothic:meat":5,"minecraft:pumpkin_seeds":3,"minecraft:spruce_boat":1,"gothic:meadow_knotweed":1,"minecraft:gray_wool":1,"minecraft:bread":4,"minecraft:rooted_dirt":1,"minecraft:baked_potato":3,"tombstone:magic_scroll":2,"minecraft:oak_sapling":41,"minecraft:coal":43,"grimoireofgaia:fur":4}},"DataVersion":3120}