{"stats":{"minecraft:killed":{"minecraft:witch":1,"midnight_madness:fiend":1,"gothic:gothic_wolf":1,"minecraft:skeleton":6,"grimoireofgaia:gravemite":6,"minecraft:magma_cube":5,"cursed_sheep:cursed_sheep":1,"gothic:lurker":3,"midnight_madness:dark_wolf":1,"minecraft:sheep":1,"grimoireofgaia:mummy":1,"minecraft:pillager":2,"minecraft:zombie":5,"grimoireofgaia:harpy":2,"grimoireofgaia:kobold":1,"minecraft:cow":4},"minecraft:used":{"minecraft:spruce_slab":1,"minecraft:spruce_planks":5,"minecraft:iron_sword":258,"minecraft:torch":2,"minecraft:spruce_boat":1,"myceliummire:blueshroom":1,"minecraft:beef":3,"minecraft:sweet_berries":62,"minecraft:furnace":7,"tombstone:gift":5,"minecraft:baked_potato":2,"minecraft:stone_pickaxe":75,"minecraft:wooden_pickaxe":9,"minecraft:cobblestone_slab":1,"minecraft:mossy_cobblestone":3,"minecraft:crafting_table":7,"gothic:cheese":9,"minecraft:black_bed":2,"minecraft:chicken":2,"minecraft:bread":18,"minecraft:stone_slab":1,"minecraft:stone_axe":81,"minecraft:cobblestone":18,"minecraft:gray_wool":1},"minecraft:dropped":{"minecraft:lilac":1,"vampirism:hunter_coat_legs_ultimate":1,"minecraft:leather":5,"gothic:meadow_knotweed":1,"minecraft:saddle":1,"minecraft:copper_ingot":9,"bossominium:the_bossdexium":1,"minecraft:item_frame":2,"minecraft:stick":4,"mca:book_romance":1,"minecraft:snowball":10,"minecraft:pumpkin_pie":1,"minecraft:dandelion":1,"minecraft:sweet_berries":13,"minecraft:iron_nugget":1,"alexsmobs:animal_dictionary":1,"gothic:snapperweed":1,"midnight_madness:dark_wolf_skin":3,"minecraft:rotten_flesh":1,"minecraft:pumpkin_seeds":3,"minecraft:poppy":2,"minecraft:cobblestone_slab":1,"minecraft:oak_sapling":3},"minecraft:mined":{"minecraft:mossy_cobblestone":3,"minecraft:mossy_stone_brick_slab":1,"minecraft:grass_block":1,"minecraft:spawner":3,"minecraft:large_fern":7,"minecraft:furnace":9,"minecraft:iron_ore":3,"minecraft:bookshelf":12,"minecraft:deepslate_iron_ore":2,"minecraft:cobblestone_slab":1,"minecraft:stone":15,"minecraft:spruce_slab":1,"minecraft:crafting_table":5,"minecraft:torch":1,"minecraft:campfire":1,"minecraft:mushroom_stem":2,"minecraft:stone_slab":1,"minecraft:copper_ore":5,"minecraft:cobblestone":23,"minecraft:sugar_cane":6,"minecraft:wall_torch":1,"minecraft:sweet_berry_bush":29,"minecraft:ice":4,"minecraft:spruce_log":29,"minecraft:black_bed":2,"minecraft:grass":3,"minecraft:coal_ore":7,"minecraft:smooth_basalt":1,"myceliummire:blueshroom":9},"minecraft:killed_by":{"minecraft:player":2,"midnight_madness:fiend":1,"myceliummire:puffshroom":1,"grimoireofgaia:kobold":1,"grimoireofgaia:minotaurus":1},"minecraft:custom":{"minecraft:mob_kills":47,"minecraft:interact_with_crafting_table":15,"minecraft:open_barrel":12,"minecraft:leave_game":3,"minecraft:time_since_death":8845,"minecraft:climb_one_cm":15969,"minecraft:sprint_one_cm":510264,"minecraft:walk_one_cm":184228,"minecraft:drop":26,"minecraft:play_time":134595,"minecraft:deaths":7,"minecraft:sneak_time":5609,"minecraft:walk_under_water_one_cm":17097,"minecraft:boat_one_cm":60671,"minecraft:jump":2478,"minecraft:walk_on_water_one_cm":18779,"minecraft:total_world_time":134595,"minecraft:interact_with_furnace":30,"tombstone:raider_killed":3,"minecraft:tune_noteblock":1,"minecraft:sleep_in_bed":7,"minecraft:time_since_rest":226,"minecraft:damage_taken":3443,"minecraft:damage_dealt":10859,"minecraft:swim_one_cm":43600,"minecraft:fly_one_cm":679360,"minecraft:open_chest":22,"minecraft:crouch_one_cm":13092,"tombstone:undead_killed":12,"minecraft:fall_one_cm":54117},"minecraft:picked_up":{"minecraft:charcoal":2,"minecraft:crafting_table":5,"minecraft:chicken":2,"minecraft:stone_slab":1,"minecraft:gold_block":1,"minecraft:string":2,"minecraft:raw_copper":18,"minecraft:iron_leggings":1,"minecraft:item_frame":2,"midnight_madness:dark_soul":2,"minecraft:echo_shard":1,"minecraft:beef":3,"minecraft:cobblestone_slab":2,"minecraft:iron_nugget":1,"minecraft:poppy":2,"minecraft:spruce_slab":1,"gothic:snapperweed":1,"minecraft:sugar_cane":16,"midnight_madness:soul":1,"minecraft:furnace":9,"minecraft:stick":8,"minecraft:raw_iron":5,"minecraft:torch":5,"sophisticatedbackpacks:backpack":1,"tombstone:grave_dust":4,"sophisticatedbackpacks:stack_upgrade_tier_3":1,"minecraft:rotten_flesh":3,"minecraft:saddle":1,"minecraft:mutton":1,"minecraft:snowball":10,"minecraft:cobblestone":40,"minecraft:feather":3,"minecraft:lilac":1,"minecraft:black_bed":2,"minecraft:leather":4,"myceliummire:blueshroom":18,"minecraft:bone":6,"minecraft:iron_ingot":3,"minecraft:oak_planks":1,"midnight_madness:dark_wolf_skin":3,"minecraft:book":36,"minecraft:smooth_basalt":1,"minecraft:sweet_berries":69,"minecraft:dandelion":1,"minecraft:spruce_sapling":6,"minecraft:spruce_log":29,"minecraft:mossy_stone_brick_slab":3,"minecraft:mossy_cobblestone":3,"gothic:meat":1,"minecraft:pumpkin_seeds":3,"minecraft:spruce_boat":1,"gothic:meadow_knotweed":1,"minecraft:gray_wool":1,"minecraft:bread":4,"minecraft:baked_potato":3,"minecraft:oak_sapling":3,"minecraft:coal":16,"grimoireofgaia:fur":4},"minecraft:crafted":{"sophisticatedbackpacks:copper_backpack":1,"minecraft:iron_boots":1,"minecraft:leather":3,"minecraft:stone_pickaxe":1,"minecraft:spruce_boat":1,"sophisticatedbackpacks:iron_backpack":1,"minecraft:crafting_table":3,"minecraft:spruce_planks":88,"minecraft:wooden_pickaxe":1,"minecraft:baked_potato":2,"minecraft:iron_sword":1,"minecraft:copper_ingot":17,"sophisticatedbackpacks:gold_backpack":1,"minecraft:stone_axe":1,"minecraft:air":0,"minecraft:iron_chestplate":1,"minecraft:stick":4,"minecraft:iron_ingot":2,"minecraft:iron_pickaxe":1,"minecraft:gold_ingot":9}},"DataVersion":3120}