{"stats":{"minecraft:killed":{"cursed_sheep:cursed_sheep":1,"grimoireofgaia:mummy":1,"grimoireofgaia:gravemite":6,"minecraft:cow":2},"minecraft:picked_up":{"minecraft:charcoal":2,"minecraft:crafting_table":4,"minecraft:feather":3,"minecraft:lilac":1,"minecraft:chicken":2,"minecraft:black_bed":2,"minecraft:leather":2,"minecraft:raw_copper":9,"minecraft:item_frame":2,"minecraft:bone":2,"minecraft:echo_shard":1,"minecraft:beef":3,"minecraft:iron_nugget":1,"minecraft:spruce_slab":1,"minecraft:sugar_cane":16,"minecraft:oak_planks":1,"midnight_madness:soul":1,"midnight_madness:dark_wolf_skin":3,"minecraft:furnace":3,"minecraft:book":36,"minecraft:stick":2,"minecraft:raw_iron":3,"minecraft:sweet_berries":69,"minecraft:torch":3,"minecraft:spruce_sapling":2,"minecraft:spruce_log":17,"minecraft:mossy_cobblestone":3,"minecraft:spruce_boat":1,"minecraft:coal":3,"minecraft:cobblestone":28},"minecraft:dropped":{"minecraft:iron_nugget":1,"minecraft:lilac":1,"alexsmobs:animal_dictionary":1,"bossominium:the_bossdexium":1,"minecraft:item_frame":2,"mca:book_romance":1,"minecraft:pumpkin_pie":1},"minecraft:custom":{"minecraft:interact_with_furnace":8,"minecraft:mob_kills":11,"minecraft:interact_with_crafting_table":5,"minecraft:leave_game":2,"minecraft:time_since_death":1775,"minecraft:climb_one_cm":4320,"minecraft:sleep_in_bed":2,"minecraft:time_since_rest":1,"minecraft:sprint_one_cm":212583,"minecraft:damage_taken":565,"minecraft:walk_one_cm":56645,"minecraft:drop":8,"minecraft:damage_dealt":1170,"minecraft:swim_one_cm":27201,"minecraft:fly_one_cm":199153,"minecraft:open_chest":4,"minecraft:crouch_one_cm":3937,"minecraft:play_time":40670,"minecraft:deaths":1,"minecraft:sneak_time":941,"minecraft:walk_under_water_one_cm":3835,"minecraft:boat_one_cm":60671,"minecraft:jump":661,"minecraft:walk_on_water_one_cm":6520,"minecraft:total_world_time":40670,"minecraft:fall_one_cm":13192},"minecraft:crafted":{"minecraft:crafting_table":1,"minecraft:spruce_planks":24,"minecraft:wooden_pickaxe":1,"minecraft:copper_ingot":9,"minecraft:stone_axe":1,"minecraft:air":0,"minecraft:iron_ingot":2,"minecraft:stone_pickaxe":1,"minecraft:spruce_boat":1},"minecraft:mined":{"minecraft:mossy_cobblestone":3,"minecraft:crafting_table":4,"minecraft:campfire":1,"minecraft:copper_ore":2,"minecraft:cobblestone":18,"minecraft:sugar_cane":6,"minecraft:large_fern":1,"minecraft:furnace":3,"minecraft:iron_ore":3,"minecraft:sweet_berry_bush":28,"minecraft:spruce_log":17,"minecraft:black_bed":2,"minecraft:grass":1,"minecraft:bookshelf":12,"minecraft:coal_ore":3,"minecraft:stone":9,"minecraft:spruce_slab":1},"minecraft:used":{"minecraft:spruce_slab":1,"minecraft:stone_pickaxe":35,"minecraft:wooden_pickaxe":9,"minecraft:crafting_table":4,"minecraft:black_bed":1,"minecraft:spruce_boat":1,"minecraft:bread":12,"minecraft:stone_axe":67,"minecraft:furnace":1}},"DataVersion":3120}