{"stats":{"minecraft:killed":{"minecraft:witch":1,"midnight_madness:fiend":1,"midnight_madness:hanged_man":1,"aquaculture:gar":1,"gothic:gothic_wolf":1,"grimoireofgaia:centaur":1,"minecraft:skeleton":6,"aquaculture:brown_trout":1,"grimoireofgaia:gravemite":6,"minecraft:magma_cube":5,"minecraft:pig":1,"cursed_sheep:cursed_sheep":1,"gothic:lurker":3,"midnight_madness:dark_wolf":1,"minecraft:sheep":1,"grimoireofgaia:mummy":1,"minecraft:pillager":5,"gothic:ice_wolf":1,"minecraft:zombie":5,"grimoireofgaia:harpy":2,"grimoireofgaia:kobold":1,"endofherobrine:sheep":15,"endofherobrine:pigman":1,"minecraft:cow":4},"minecraft:used":{"minecraft:red_sand":1,"minecraft:iron_shovel":45,"minecraft:spruce_slab":1,"minecraft:spruce_planks":5,"minecraft:iron_sword":395,"minecraft:torch":7,"minecraft:carrot":6,"minecraft:spruce_boat":1,"myceliummire:blueshroom":1,"minecraft:iron_axe":194,"minecraft:red_carpet":1,"minecraft:beef":3,"minecraft:sweet_berries":62,"minecraft:furnace":8,"tombstone:gift":5,"minecraft:water_bucket":1,"minecraft:baked_potato":5,"minecraft:stone_pickaxe":79,"minecraft:wooden_pickaxe":9,"minecraft:cobblestone_slab":1,"minecraft:mossy_cobblestone":3,"minecraft:sand":3,"gothic:meat_cooked":1,"minecraft:crafting_table":8,"gothic:cheese":9,"minecraft:white_bed":8,"minecraft:black_bed":4,"minecraft:apple":6,"minecraft:chicken":2,"minecraft:bread":21,"minecraft:iron_pickaxe":12,"minecraft:stone_slab":1,"minecraft:gravel":1,"aquaculture:gar":1,"minecraft:stone_axe":95,"minecraft:cobblestone":19,"minecraft:bucket":2,"minecraft:gray_wool":1},"minecraft:dropped":{"minecraft:lilac":1,"aquaculture:brown_trout":1,"vampirism:hunter_coat_legs_ultimate":1,"minecraft:leather":5,"gothic:meadow_knotweed":1,"minecraft:saddle":1,"minecraft:copper_ingot":9,"bossominium:the_bossdexium":1,"minecraft:item_frame":2,"minecraft:stick":4,"mca:book_romance":1,"minecraft:snowball":10,"minecraft:pumpkin_pie":1,"minecraft:dandelion":1,"minecraft:sweet_berries":13,"minecraft:iron_nugget":1,"alexsmobs:animal_dictionary":1,"gothic:snapperweed":1,"midnight_madness:dark_wolf_skin":3,"minecraft:rotten_flesh":1,"minecraft:white_bed":2,"minecraft:pumpkin_seeds":3,"minecraft:poppy":2,"minecraft:cobblestone_slab":1,"minecraft:oak_sapling":3},"minecraft:broken":{"minecraft:iron_sword":1},"minecraft:mined":{"minecraft:white_bed":9,"minecraft:mossy_cobblestone":3,"minecraft:mossy_stone_brick_slab":1,"minecraft:grass_block":1,"minecraft:spawner":4,"minecraft:large_fern":7,"minecraft:furnace":15,"minecraft:iron_ore":4,"minecraft:bookshelf":12,"minecraft:deepslate_iron_ore":2,"minecraft:cobblestone_slab":1,"minecraft:stone":16,"minecraft:spruce_slab":1,"minecraft:crafting_table":9,"minecraft:torch":3,"minecraft:campfire":1,"minecraft:mushroom_stem":2,"minecraft:stone_slab":1,"minecraft:tall_grass":7,"minecraft:copper_ore":5,"minecraft:cobblestone":23,"minecraft:sugar_cane":6,"minecraft:wall_torch":3,"minecraft:birch_log":33,"minecraft:sweet_berry_bush":29,"minecraft:ice":4,"minecraft:spruce_log":29,"minecraft:white_wall_banner":2,"minecraft:black_bed":6,"minecraft:grass":14,"minecraft:oak_log":133,"minecraft:coal_ore":12,"minecraft:gravel":1,"minecraft:sand":45,"minecraft:cobweb":5,"minecraft:smooth_basalt":1,"myceliummire:blueshroom":9,"minecraft:oak_leaves":11},"minecraft:killed_by":{"minecraft:player":2,"midnight_madness:fiend":1,"myceliummire:puffshroom":1,"gothic:gothic_wolf":1,"grimoireofgaia:kobold":1,"grimoireofgaia:minotaurus":1,"gothic:bloodfly":1},"minecraft:custom":{"minecraft:mob_kills":67,"minecraft:interact_with_crafting_table":17,"minecraft:open_barrel":16,"minecraft:leave_game":3,"minecraft:time_since_death":1444,"minecraft:climb_one_cm":15969,"minecraft:sprint_one_cm":667818,"minecraft:walk_one_cm":254034,"minecraft:drop":29,"minecraft:play_time":176595,"minecraft:deaths":9,"minecraft:sneak_time":6574,"minecraft:walk_under_water_one_cm":24497,"minecraft:boat_one_cm":222686,"minecraft:jump":3254,"minecraft:interact_with_blast_furnace":3,"minecraft:walk_on_water_one_cm":30827,"minecraft:total_world_time":176595,"minecraft:interact_with_furnace":41,"tombstone:raider_killed":6,"minecraft:tune_noteblock":1,"minecraft:sleep_in_bed":11,"minecraft:time_since_rest":1306,"minecraft:damage_taken":4444,"minecraft:damage_dealt":15104,"minecraft:swim_one_cm":81369,"minecraft:fly_one_cm":849916,"minecraft:open_chest":30,"minecraft:crouch_one_cm":15644,"tombstone:undead_killed":13,"minecraft:fall_one_cm":75921},"minecraft:picked_up":{"minecraft:charcoal":2,"minecraft:crafting_table":9,"minecraft:chicken":2,"minecraft:stone_slab":1,"minecraft:gold_block":1,"minecraft:string":6,"minecraft:raw_copper":18,"minecraft:iron_leggings":1,"minecraft:item_frame":2,"midnight_madness:dark_soul":2,"minecraft:red_sand":1,"minecraft:echo_shard":1,"minecraft:beef":3,"minecraft:cobblestone_slab":2,"minecraft:iron_nugget":2,"minecraft:poppy":2,"minecraft:spruce_slab":1,"gothic:snapperweed":1,"minecraft:birch_sapling":6,"minecraft:sugar_cane":16,"midnight_madness:soul":1,"minecraft:furnace":14,"minecraft:stick":51,"minecraft:raw_iron":6,"minecraft:torch":9,"sophisticatedbackpacks:backpack":1,"minecraft:porkchop":3,"tombstone:grave_dust":4,"sophisticatedbackpacks:stack_upgrade_tier_3":1,"minecraft:rotten_flesh":4,"aquaculture:brown_trout":2,"minecraft:saddle":1,"gothic:molerat_fat":1,"minecraft:mutton":2,"minecraft:snowball":10,"minecraft:cobblestone":41,"minecraft:birch_log":32,"minecraft:magma_block":3,"minecraft:feather":3,"minecraft:lilac":1,"minecraft:black_bed":6,"minecraft:leather":4,"minecraft:oak_log":104,"vampirism:hunter_coat_legs_ultimate":1,"minecraft:white_banner":2,"myceliummire:blueshroom":18,"minecraft:red_carpet":1,"minecraft:bone":6,"minecraft:apple":6,"minecraft:wheat_seeds":2,"minecraft:iron_ingot":3,"minecraft:oak_planks":1,"midnight_madness:dark_wolf_skin":3,"minecraft:book":36,"minecraft:oak_slab":1,"minecraft:smooth_basalt":15,"aquaculture:gar":1,"minecraft:sweet_berries":69,"minecraft:gravel":1,"minecraft:dandelion":1,"minecraft:sand":44,"minecraft:spruce_sapling":6,"minecraft:white_bed":10,"minecraft:spruce_log":29,"minecraft:mossy_stone_brick_slab":3,"minecraft:mossy_cobblestone":3,"gothic:meat":5,"minecraft:pumpkin_seeds":3,"minecraft:spruce_boat":1,"gothic:meadow_knotweed":1,"minecraft:gray_wool":1,"minecraft:bread":4,"minecraft:baked_potato":3,"minecraft:oak_sapling":41,"minecraft:coal":21,"grimoireofgaia:fur":4},"minecraft:crafted":{"sophisticatedbackpacks:copper_backpack":1,"minecraft:iron_boots":1,"minecraft:leather":3,"minecraft:iron_axe":1,"minecraft:stone_pickaxe":1,"minecraft:spruce_boat":1,"sophisticatedbackpacks:iron_backpack":1,"gothic:meat_cooked":2,"minecraft:crafting_table":3,"minecraft:spruce_planks":88,"minecraft:wooden_pickaxe":1,"minecraft:baked_potato":2,"minecraft:iron_sword":1,"minecraft:copper_ingot":17,"sophisticatedbackpacks:gold_backpack":1,"minecraft:stone_axe":1,"minecraft:bread":1,"minecraft:air":0,"minecraft:iron_chestplate":1,"minecraft:stick":4,"minecraft:iron_ingot":2,"minecraft:iron_pickaxe":1,"minecraft:gold_ingot":9}},"DataVersion":3120}