{"stats":{"minecraft:custom":{"minecraft:animals_bred":1,"minecraft:interact_with_crafting_table":41,"minecraft:open_barrel":23,"minecraft:eat_cake_slice":4,"minecraft:leave_game":5,"minecraft:time_since_death":64450,"minecraft:sprint_one_cm":1559648,"minecraft:drop":79,"minecraft:talked_to_villager":3,"minecraft:play_time":476058,"minecraft:deaths":27,"minecraft:jump":8697,"minecraft:walk_on_water_one_cm":78635,"minecraft:interact_with_furnace":59,"minecraft:interact_with_loom":1,"minecraft:sleep_in_bed":19,"minecraft:damage_dealt":40827,"minecraft:player_kills":2,"minecraft:crouch_one_cm":118755,"tombstone:undead_killed":41,"tombstone:villager_killed":1,"minecraft:mob_kills":152,"minecraft:damage_dealt_resisted":677,"minecraft:climb_one_cm":30588,"minecraft:walk_one_cm":810471,"minecraft:damage_dealt_absorbed":35,"minecraft:sneak_time":44316,"minecraft:walk_under_water_one_cm":61549,"minecraft:boat_one_cm":222686,"minecraft:interact_with_lectern":1,"minecraft:interact_with_blast_furnace":3,"minecraft:total_world_time":476058,"tombstone:raider_killed":6,"minecraft:tune_noteblock":1,"minecraft:time_since_rest":11065,"minecraft:damage_taken":14753,"minecraft:swim_one_cm":165818,"minecraft:fly_one_cm":1825330,"minecraft:open_chest":127,"minecraft:fall_one_cm":229666},"minecraft:used":{"minecraft:red_sand":1,"minecraft:iron_shovel":261,"minecraft:spruce_slab":1,"minecraft:chest":1,"minecraft:iron_sword":1123,"minecraft:mutton":2,"minecraft:carrot":6,"minecraft:tuff":81,"minecraft:spruce_boat":1,"myceliummire:blueshroom":5,"minecraft:red_carpet":1,"minecraft:bow":18,"minecraft:sweet_berries":62,"minecraft:furnace":9,"grimoireofgaia:meat":1,"minecraft:potato":32,"minecraft:stone_pickaxe":79,"minecraft:wooden_pickaxe":9,"minecraft:sand":3,"gothic:meat_cooked":13,"gothic:cheese":16,"minecraft:black_bed":5,"minecraft:bread":64,"minecraft:gravel":1,"aquaculture:gar":1,"minecraft:andesite":1,"minecraft:coarse_dirt":10,"minecraft:bone_meal":14,"minecraft:oak_fence":23,"minecraft:spruce_planks":5,"minecraft:stone_hoe":32,"minecraft:torch":95,"minecraft:dirt":84,"simplyhotsprings:hot_spring_water_bucket":20,"minecraft:spruce_fence":20,"minecraft:rooted_dirt":5,"minecraft:iron_axe":216,"minecraft:light_gray_wool":1,"minecraft:beef":3,"tombstone:gift":6,"minecraft:light_gray_bed":2,"minecraft:cooked_mutton":1,"minecraft:water_bucket":44,"minecraft:baked_potato":27,"minecraft:cobblestone_slab":1,"minecraft:mossy_cobblestone":5,"minecraft:crafting_table":10,"minecraft:white_bed":11,"justhammers:iron_hammer":1297,"minecraft:apple":11,"minecraft:chicken":2,"minecraft:iron_pickaxe":446,"tombstone:magic_scroll":2,"minecraft:stone_slab":1,"minecraft:stone_axe":95,"minecraft:cobblestone":3983,"minecraft:cooked_porkchop":11,"minecraft:bucket":65,"minecraft:gray_wool":1},"minecraft:killed_by":{"midnight_madness:fiend":4,"myceliummire:puffshroom":1,"man:managgresive":2,"gothic:gothic_wolf":1,"grimoireofgaia:cecaelia":6,"grimoireofgaia:kobold":1,"grimoireofgaia:minotaurus":1,"gothic:bloodfly":1,"midnight_madness:dark_wolf":2,"minecraft:player":3,"minecraft:skeleton":1},"minecraft:broken":{"minecraft:iron_shovel":1,"minecraft:iron_boots":1,"minecraft:iron_leggings":1,"minecraft:iron_sword":2,"justhammers:iron_hammer":2,"minecraft:leather_boots":1,"minecraft:iron_pickaxe":1,"minecraft:iron_helmet":1},"minecraft:dropped":{"minecraft:iron_sword":2,"aquaculture:brown_trout":1,"minecraft:black_bed":1,"minecraft:leather":5,"minecraft:saddle":2,"minecraft:item_frame":2,"minecraft:dirt":36,"minecraft:snowball":10,"minecraft:gold_nugget":2,"minecraft:pumpkin_pie":1,"minecraft:iron_nugget":1,"alexsmobs:animal_dictionary":1,"midnight_madness:dark_wolf_skin":3,"minecraft:rotten_flesh":19,"justhammers:iron_hammer":1,"minecraft:white_bed":2,"evilcraft:flesh_humanoid":3,"minecraft:poppy":2,"minecraft:rabbit_hide":1,"vampirism:vampire_blood_bottle":4,"gothic:cave_mushrooms":1,"minecraft:leather_boots":2,"vampirism:item_garlic":5,"minecraft:iron_ingot":47,"minecraft:wheat_seeds":4,"minecraft:lilac":1,"minecraft:mossy_cobblestone":5,"vampirism:hunter_coat_legs_ultimate":1,"gothic:meadow_knotweed":1,"minecraft:copper_ingot":9,"bossominium:the_bossdexium":1,"minecraft:stick":4,"mca:book_romance":1,"tombstone:grave_key":2,"minecraft:dandelion":1,"minecraft:sweet_berries":13,"vampirism:armor_of_swiftness_head_ultimate":1,"minecraft:coarse_dirt":212,"gothic:snapperweed":1,"minecraft:light_gray_wool":2,"minecraft:pumpkin_seeds":3,"minecraft:potato":126,"minecraft:cobblestone_slab":1,"minecraft:stone":4,"minecraft:peony":2,"minecraft:andesite":67,"minecraft:oak_sapling":5,"minecraft:light_gray_dye":4},"minecraft:killed":{"minecraft:witch":1,"vampirism:advanced_vampire":2,"midnight_madness:fiend":2,"minecraft:spider":3,"midnight_madness:hanged_man":1,"aquaculture:gar":1,"gothic:gothic_wolf":1,"minecraft:skeleton":16,"gothic:molerat":2,"grimoireofgaia:gravemite":6,"minecraft:piglin_brute":8,"grimoireofgaia:mandragora":2,"minecraft:magma_cube":5,"minecraft:piglin":2,"minecraft:pig":5,"gothic:lurker":3,"minecraft:sheep":3,"minecraft:pillager":5,"minecraft:zombie":20,"gothic:snapper":1,"grimoireofgaia:harpy":6,"endofherobrine:cow":1,"gothic:bloodfly":1,"endofherobrine:pigman":2,"minecraft:cow":6,"grimoireofgaia:satyress":2,"grimoireofgaia:centaur":1,"hmag:zombie_girl":2,"aquaculture:brown_trout":1,"cursed_sheep:cursed_sheep":1,"grimoireofgaia:cecaelia":6,"fuze_relics:crocodile":8,"midnight_madness:dark_wolf":5,"grimoireofgaia:mummy":1,"gothic:ice_wolf":1,"fuze_relics:nerd_villager":1,"grimoireofgaia:werecat":1,"grimoireofgaia:kobold":1,"endofherobrine:sheep":15},"minecraft:picked_up":{"minecraft:stone_slab":1,"tombstone:grave_key":1,"minecraft:string":9,"minecraft:raw_copper":26,"minecraft:iron_leggings":1,"minecraft:red_sand":1,"minecraft:cobbled_deepslate":1741,"minecraft:white_tulip":2,"minecraft:redstone_torch":1,"minecraft:cobblestone_slab":2,"gothic:snapperweed":1,"midnight_madness:soul":2,"minecraft:furnace":15,"grimoireofgaia:taproot":1,"minecraft:stick":52,"minecraft:oak_fence":2,"minecraft:torch":39,"minecraft:porkchop":11,"tombstone:grave_dust":6,"sophisticatedbackpacks:stack_upgrade_tier_3":1,"minecraft:rotten_flesh":25,"minecraft:light_gray_bed":2,"gothic:molerat_fat":3,"minecraft:snowball":10,"minecraft:cobblestone":3957,"minecraft:birch_log":32,"minecraft:magma_block":3,"grimoireofgaia:metal_dagger":1,"minecraft:feather":3,"minecraft:lilac":1,"minecraft:andesite":85,"minecraft:black_bed":6,"minecraft:potato":24,"minecraft:flint":1,"minecraft:tuff":135,"minecraft:light_gray_dye":1,"minecraft:lapis_lazuli":8,"vampirism:hunter_coat_legs_ultimate":1,"minecraft:dirt":144,"myceliummire:blueshroom":22,"minecraft:leather_boots":1,"minecraft:bone":12,"minecraft:bow":1,"minecraft:wheat_seeds":30,"minecraft:raw_gold":20,"minecraft:oak_planks":2,"aquaculture:gar":1,"grimoireofgaia:box_overworld":1,"justhammers:iron_hammer":1,"minecraft:sand":44,"minecraft:mossy_cobblestone":8,"grimoireofgaia:shiny_pearl":4,"minecraft:bundle":2,"minecraft:clay":2,"minecraft:diamond":5,"minecraft:spruce_boat":1,"minecraft:bread":4,"minecraft:rooted_dirt":1,"minecraft:oak_sapling":43,"grimoireofgaia:fur":4,"minecraft:charcoal":2,"minecraft:crafting_table":11,"minecraft:coarse_dirt":225,"minecraft:chicken":2,"minecraft:gold_block":1,"minecraft:item_frame":2,"midnight_madness:dark_soul":7,"fuze_relics:crocodile_egg":1,"minecraft:beef":8,"minecraft:echo_shard":1,"minecraft:birch_sapling":6,"minecraft:iron_nugget":7,"minecraft:poppy":2,"minecraft:spruce_slab":1,"minecraft:light_gray_wool":3,"minecraft:chest":1,"minecraft:sugar_cane":16,"minecraft:raw_iron":75,"grimoireofgaia:meat":3,"sophisticatedbackpacks:backpack":1,"minecraft:spruce_fence":2,"minecraft:redstone":79,"minecraft:arrow":7,"minecraft:peony":2,"aquaculture:brown_trout":2,"minecraft:saddle":1,"tombstone:essence_of_undeath":1,"fuze_relics:crocodile_scales":9,"minecraft:mutton":6,"minecraft:white_wool":5,"vampirism:vampire_blood_bottle":2,"minecraft:leather":13,"minecraft:oak_log":104,"minecraft:gunpowder":2,"minecraft:white_banner":2,"minecraft:red_carpet":1,"minecraft:apple":7,"minecraft:iron_ingot":40,"tombstone:bag_of_seeds":1,"minecraft:iron_sword":2,"midnight_madness:dark_wolf_skin":11,"minecraft:book":36,"minecraft:oak_slab":1,"minecraft:smooth_basalt":15,"minecraft:sweet_berries":69,"minecraft:dandelion":1,"minecraft:raw_iron_block":7,"minecraft:gravel":7,"minecraft:spruce_sapling":6,"minecraft:white_bed":13,"minecraft:spruce_log":29,"minecraft:mossy_stone_brick_slab":3,"gothic:cave_mushrooms":1,"minecraft:pumpkin_seeds":3,"gothic:meat":7,"gothic:meadow_knotweed":1,"minecraft:gray_wool":1,"minecraft:baked_potato":3,"tombstone:magic_scroll":2,"minecraft:coal":82},"minecraft:mined":{"minecraft:white_bed":12,"minecraft:mossy_stone_brick_slab":1,"minecraft:grass_block":47,"minecraft:light_gray_bed":1,"minecraft:spawner":5,"minecraft:tall_seagrass":1,"minecraft:raw_iron_block":7,"minecraft:cobbled_deepslate":3,"minecraft:iron_ore":50,"minecraft:fire":3,"minecraft:spruce_slab":1,"minecraft:deepslate_redstone_ore":6,"minecraft:torch":14,"minecraft:poppy":1,"minecraft:chest":1,"minecraft:mushroom_stem":2,"minecraft:cobblestone":96,"minecraft:sugar_cane":6,"minecraft:oak_planks":1,"minecraft:wall_torch":16,"minecraft:seagrass":3,"minecraft:birch_log":33,"minecraft:light_gray_wool":1,"minecraft:black_bed":6,"minecraft:grass":145,"minecraft:oak_log":133,"minecraft:sand":45,"minecraft:dirt":18,"minecraft:smooth_basalt":1,"minecraft:oak_leaves":13,"minecraft:deepslate":140,"minecraft:tuff":1,"minecraft:mossy_cobblestone":6,"minecraft:deepslate_diamond_ore":5,"gothic:waterpipe":1,"minecraft:spruce_fence":2,"minecraft:rooted_dirt":2,"minecraft:large_fern":7,"minecraft:furnace":16,"minecraft:peony":1,"minecraft:bookshelf":12,"gothic:giant_river_plant":1,"minecraft:potatoes":8,"minecraft:deepslate_iron_ore":6,"minecraft:cobblestone_slab":1,"minecraft:stone":102,"minecraft:white_tulip":2,"minecraft:podzol":1,"minecraft:acacia_leaves":1,"minecraft:dandelion":1,"minecraft:oak_fence":2,"minecraft:crafting_table":12,"minecraft:campfire":1,"minecraft:stone_slab":1,"minecraft:tall_grass":74,"minecraft:copper_ore":6,"minecraft:deepslate_gold_ore":10,"minecraft:coarse_dirt":156,"minecraft:sweet_berry_bush":29,"minecraft:ice":4,"minecraft:spruce_log":29,"minecraft:birch_leaves":1,"minecraft:white_wall_banner":2,"minecraft:coal_ore":44,"minecraft:gravel":9,"minecraft:cobweb":5,"myceliummire:blueshroom":12,"minecraft:fern":1},"minecraft:crafted":{"minecraft:oak_planks":28,"minecraft:cooked_mutton":1,"minecraft:iron_boots":1,"sophisticatedbackpacks:copper_backpack":1,"minecraft:stone_hoe":1,"minecraft:oak_fence":21,"minecraft:cooked_porkchop":11,"minecraft:crafting_table":3,"minecraft:spruce_planks":88,"minecraft:wooden_pickaxe":1,"minecraft:iron_helmet":1,"minecraft:baked_potato":25,"minecraft:copper_ingot":17,"minecraft:iron_chestplate":2,"minecraft:stick":4,"minecraft:iron_ingot":53,"minecraft:iron_pickaxe":1,"minecraft:gold_ingot":10,"minecraft:light_gray_dye":2,"minecraft:raw_iron":63,"minecraft:bone_meal":18,"minecraft:leather":3,"minecraft:iron_axe":1,"minecraft:stone_pickaxe":1,"minecraft:spruce_boat":1,"sophisticatedbackpacks:iron_backpack":1,"gothic:meat_cooked":5,"minecraft:iron_sword":4,"sophisticatedbackpacks:gold_backpack":1,"minecraft:stone_axe":1,"minecraft:bread":1,"minecraft:air":0,"justhammers:iron_hammer":9,"minecraft:iron_leggings":1,"minecraft:torch":56}},"DataVersion":3120}