{"stats":{"minecraft:killed":{"minecraft:magma_cube":5,"minecraft:witch":1,"midnight_madness:fiend":1,"cursed_sheep:cursed_sheep":1,"gothic:lurker":3,"midnight_madness:dark_wolf":1,"minecraft:sheep":1,"minecraft:skeleton":6,"grimoireofgaia:mummy":1,"minecraft:pillager":2,"minecraft:zombie":4,"grimoireofgaia:harpy":2,"grimoireofgaia:kobold":1,"grimoireofgaia:gravemite":6,"minecraft:cow":4},"minecraft:used":{"minecraft:stone_pickaxe":61,"minecraft:spruce_slab":1,"minecraft:spruce_planks":5,"minecraft:wooden_pickaxe":9,"minecraft:iron_sword":235,"minecraft:cobblestone_slab":1,"minecraft:torch":1,"minecraft:mossy_cobblestone":3,"minecraft:crafting_table":5,"minecraft:black_bed":2,"minecraft:spruce_boat":1,"gothic:cheese":9,"myceliummire:blueshroom":1,"minecraft:chicken":2,"minecraft:bread":18,"minecraft:stone_slab":1,"minecraft:stone_axe":67,"minecraft:cobblestone":18,"minecraft:beef":3,"minecraft:sweet_berries":62,"minecraft:furnace":2,"tombstone:gift":5,"minecraft:gray_wool":1},"minecraft:dropped":{"minecraft:sweet_berries":13,"minecraft:iron_nugget":1,"minecraft:lilac":1,"alexsmobs:animal_dictionary":1,"gothic:snapperweed":1,"midnight_madness:dark_wolf_skin":3,"minecraft:rotten_flesh":1,"minecraft:leather":5,"gothic:meadow_knotweed":1,"minecraft:saddle":1,"minecraft:copper_ingot":9,"minecraft:pumpkin_seeds":3,"bossominium:the_bossdexium":1,"minecraft:item_frame":2,"minecraft:stick":4,"minecraft:poppy":2,"minecraft:cobblestone_slab":1,"mca:book_romance":1,"minecraft:oak_sapling":3,"minecraft:pumpkin_pie":1,"minecraft:dandelion":1},"minecraft:mined":{"minecraft:mossy_cobblestone":3,"minecraft:mossy_stone_brick_slab":1,"minecraft:crafting_table":4,"minecraft:grass_block":1,"minecraft:mushroom_stem":2,"minecraft:campfire":1,"minecraft:stone_slab":1,"minecraft:copper_ore":2,"minecraft:cobblestone":23,"minecraft:sugar_cane":6,"minecraft:wall_torch":1,"minecraft:spawner":3,"minecraft:large_fern":2,"minecraft:furnace":6,"minecraft:iron_ore":3,"minecraft:sweet_berry_bush":29,"minecraft:ice":4,"minecraft:spruce_log":17,"minecraft:black_bed":2,"minecraft:grass":3,"minecraft:bookshelf":12,"minecraft:coal_ore":4,"minecraft:cobblestone_slab":1,"myceliummire:blueshroom":9,"minecraft:stone":14,"minecraft:spruce_slab":1},"minecraft:killed_by":{"minecraft:player":1,"grimoireofgaia:kobold":1,"grimoireofgaia:minotaurus":1,"midnight_madness:fiend":1,"myceliummire:puffshroom":1},"minecraft:custom":{"minecraft:interact_with_furnace":13,"minecraft:mob_kills":44,"tombstone:raider_killed":3,"minecraft:interact_with_crafting_table":10,"minecraft:tune_noteblock":1,"minecraft:open_barrel":12,"minecraft:leave_game":3,"minecraft:time_since_death":8035,"minecraft:climb_one_cm":15969,"minecraft:sleep_in_bed":6,"minecraft:time_since_rest":7211,"minecraft:sprint_one_cm":480690,"minecraft:damage_taken":3282,"minecraft:walk_one_cm":168554,"minecraft:drop":24,"minecraft:damage_dealt":10049,"minecraft:swim_one_cm":43142,"minecraft:fly_one_cm":636508,"minecraft:open_chest":22,"minecraft:play_time":122595,"minecraft:crouch_one_cm":12528,"tombstone:undead_killed":11,"minecraft:deaths":6,"minecraft:sneak_time":5299,"minecraft:walk_under_water_one_cm":17017,"minecraft:boat_one_cm":60671,"minecraft:jump":2244,"minecraft:walk_on_water_one_cm":17568,"minecraft:total_world_time":122595,"minecraft:fall_one_cm":49723},"minecraft:picked_up":{"minecraft:charcoal":2,"minecraft:crafting_table":4,"minecraft:feather":3,"minecraft:lilac":1,"minecraft:chicken":2,"minecraft:black_bed":2,"minecraft:leather":4,"minecraft:stone_slab":1,"minecraft:gold_block":1,"minecraft:string":2,"myceliummire:blueshroom":18,"minecraft:raw_copper":9,"minecraft:iron_leggings":1,"minecraft:item_frame":2,"minecraft:bone":6,"midnight_madness:dark_soul":2,"minecraft:beef":3,"minecraft:echo_shard":1,"minecraft:cobblestone_slab":2,"minecraft:iron_nugget":1,"minecraft:poppy":2,"minecraft:spruce_slab":1,"gothic:snapperweed":1,"minecraft:sugar_cane":16,"minecraft:furnace":6,"minecraft:oak_planks":1,"midnight_madness:soul":1,"midnight_madness:dark_wolf_skin":3,"minecraft:book":36,"minecraft:raw_iron":3,"minecraft:stick":6,"minecraft:sweet_berries":69,"minecraft:torch":4,"minecraft:dandelion":1,"sophisticatedbackpacks:backpack":1,"minecraft:spruce_sapling":2,"tombstone:grave_dust":4,"minecraft:spruce_log":17,"minecraft:mossy_stone_brick_slab":3,"minecraft:mossy_cobblestone":3,"sophisticatedbackpacks:stack_upgrade_tier_3":1,"minecraft:pumpkin_seeds":3,"minecraft:rotten_flesh":3,"minecraft:spruce_boat":1,"gothic:meadow_knotweed":1,"minecraft:gray_wool":1,"minecraft:saddle":1,"minecraft:bread":4,"minecraft:oak_sapling":3,"minecraft:mutton":1,"minecraft:coal":3,"minecraft:snowball":10,"grimoireofgaia:fur":4,"minecraft:cobblestone":38},"minecraft:crafted":{"minecraft:crafting_table":2,"minecraft:spruce_planks":88,"minecraft:wooden_pickaxe":1,"minecraft:iron_sword":1,"minecraft:copper_ingot":9,"minecraft:stone_axe":1,"minecraft:air":0,"minecraft:iron_boots":1,"minecraft:iron_chestplate":1,"minecraft:leather":3,"minecraft:stick":4,"minecraft:iron_ingot":2,"minecraft:stone_pickaxe":1,"minecraft:spruce_boat":1}},"DataVersion":3120}