{"stats":{"minecraft:killed":{"minecraft:witch":1,"midnight_madness:fiend":1,"minecraft:spider":2,"midnight_madness:hanged_man":1,"aquaculture:gar":1,"gothic:gothic_wolf":1,"grimoireofgaia:centaur":1,"minecraft:skeleton":12,"aquaculture:brown_trout":1,"grimoireofgaia:gravemite":6,"minecraft:magma_cube":5,"minecraft:pig":5,"cursed_sheep:cursed_sheep":1,"fuze_relics:crocodile":1,"gothic:lurker":3,"midnight_madness:dark_wolf":1,"minecraft:sheep":1,"grimoireofgaia:mummy":1,"minecraft:pillager":5,"minecraft:zombie":8,"gothic:ice_wolf":1,"grimoireofgaia:harpy":4,"fuze_relics:nerd_villager":1,"grimoireofgaia:kobold":1,"endofherobrine:sheep":15,"endofherobrine:pigman":2,"minecraft:cow":4},"minecraft:used":{"minecraft:oak_fence":23,"minecraft:red_sand":1,"minecraft:iron_shovel":62,"minecraft:spruce_slab":1,"minecraft:spruce_planks":5,"minecraft:iron_sword":532,"minecraft:stone_hoe":32,"minecraft:torch":14,"minecraft:dirt":35,"minecraft:carrot":6,"minecraft:spruce_boat":1,"myceliummire:blueshroom":1,"minecraft:iron_axe":195,"minecraft:red_carpet":1,"minecraft:bow":16,"minecraft:beef":3,"minecraft:sweet_berries":62,"minecraft:furnace":9,"tombstone:gift":5,"minecraft:potato":27,"minecraft:cooked_mutton":1,"minecraft:water_bucket":17,"minecraft:baked_potato":5,"minecraft:stone_pickaxe":79,"minecraft:wooden_pickaxe":9,"minecraft:cobblestone_slab":1,"minecraft:mossy_cobblestone":3,"minecraft:sand":3,"gothic:meat_cooked":10,"minecraft:crafting_table":8,"gothic:cheese":16,"minecraft:white_bed":8,"minecraft:black_bed":4,"justhammers:iron_hammer":262,"minecraft:apple":10,"minecraft:chicken":2,"minecraft:bread":21,"minecraft:iron_pickaxe":66,"minecraft:stone_slab":1,"minecraft:gravel":1,"aquaculture:gar":1,"minecraft:stone_axe":95,"minecraft:cobblestone":1061,"minecraft:cooked_porkchop":1,"minecraft:bucket":18,"minecraft:gray_wool":1,"minecraft:bone_meal":14},"minecraft:dropped":{"minecraft:lilac":1,"aquaculture:brown_trout":1,"vampirism:hunter_coat_legs_ultimate":1,"minecraft:leather":5,"gothic:meadow_knotweed":1,"minecraft:saddle":1,"minecraft:copper_ingot":9,"bossominium:the_bossdexium":1,"minecraft:item_frame":2,"minecraft:stick":4,"mca:book_romance":1,"minecraft:snowball":10,"minecraft:pumpkin_pie":1,"minecraft:dandelion":1,"minecraft:sweet_berries":13,"minecraft:iron_nugget":1,"alexsmobs:animal_dictionary":1,"gothic:snapperweed":1,"midnight_madness:dark_wolf_skin":3,"minecraft:rotten_flesh":1,"minecraft:white_bed":2,"minecraft:pumpkin_seeds":3,"minecraft:poppy":2,"minecraft:cobblestone_slab":1,"minecraft:oak_sapling":3},"minecraft:broken":{"minecraft:iron_sword":1},"minecraft:mined":{"minecraft:white_bed":9,"minecraft:mossy_cobblestone":3,"minecraft:mossy_stone_brick_slab":1,"minecraft:grass_block":15,"minecraft:spawner":4,"minecraft:large_fern":7,"minecraft:raw_iron_block":7,"minecraft:furnace":15,"minecraft:iron_ore":12,"minecraft:potatoes":8,"minecraft:bookshelf":12,"minecraft:deepslate_iron_ore":2,"minecraft:cobblestone_slab":1,"minecraft:stone":21,"minecraft:spruce_slab":1,"minecraft:oak_fence":2,"minecraft:crafting_table":9,"minecraft:torch":4,"minecraft:campfire":1,"minecraft:mushroom_stem":2,"minecraft:stone_slab":1,"minecraft:copper_ore":5,"minecraft:tall_grass":28,"minecraft:cobblestone":40,"minecraft:sugar_cane":6,"minecraft:wall_torch":4,"minecraft:birch_log":33,"minecraft:sweet_berry_bush":29,"minecraft:ice":4,"minecraft:spruce_log":29,"minecraft:black_bed":6,"minecraft:white_wall_banner":2,"minecraft:grass":78,"minecraft:oak_log":133,"minecraft:coal_ore":26,"minecraft:sand":45,"minecraft:gravel":1,"minecraft:dirt":1,"minecraft:cobweb":5,"minecraft:smooth_basalt":1,"myceliummire:blueshroom":9,"minecraft:oak_leaves":11},"minecraft:killed_by":{"minecraft:player":2,"midnight_madness:fiend":1,"myceliummire:puffshroom":1,"gothic:gothic_wolf":1,"man:managgresive":1,"grimoireofgaia:kobold":1,"grimoireofgaia:minotaurus":1,"gothic:bloodfly":1},"minecraft:custom":{"minecraft:mob_kills":90,"minecraft:interact_with_crafting_table":25,"minecraft:open_barrel":20,"minecraft:leave_game":3,"minecraft:time_since_death":41014,"minecraft:climb_one_cm":15969,"minecraft:sprint_one_cm":792553,"minecraft:walk_one_cm":343672,"minecraft:drop":29,"minecraft:talked_to_villager":2,"minecraft:play_time":230170,"minecraft:sneak_time":20133,"minecraft:deaths":11,"minecraft:walk_under_water_one_cm":27820,"minecraft:boat_one_cm":222686,"minecraft:interact_with_lectern":1,"minecraft:jump":4177,"minecraft:interact_with_blast_furnace":3,"minecraft:walk_on_water_one_cm":44323,"minecraft:total_world_time":230170,"minecraft:interact_with_furnace":50,"tombstone:raider_killed":6,"minecraft:tune_noteblock":1,"minecraft:sleep_in_bed":12,"minecraft:time_since_rest":40711,"minecraft:damage_taken":6290,"minecraft:damage_dealt":19455,"minecraft:player_kills":1,"minecraft:swim_one_cm":85093,"minecraft:fly_one_cm":984787,"minecraft:open_chest":34,"minecraft:crouch_one_cm":44278,"tombstone:undead_killed":22,"tombstone:villager_killed":1,"minecraft:fall_one_cm":102481},"minecraft:picked_up":{"minecraft:charcoal":2,"minecraft:crafting_table":9,"minecraft:chicken":2,"minecraft:stone_slab":1,"minecraft:gold_block":1,"minecraft:string":7,"minecraft:raw_copper":21,"minecraft:iron_leggings":1,"minecraft:item_frame":2,"midnight_madness:dark_soul":3,"minecraft:red_sand":1,"minecraft:beef":3,"minecraft:echo_shard":1,"minecraft:cobblestone_slab":2,"minecraft:iron_nugget":2,"minecraft:poppy":2,"minecraft:spruce_slab":1,"gothic:snapperweed":1,"minecraft:sugar_cane":16,"minecraft:birch_sapling":6,"minecraft:furnace":14,"midnight_madness:soul":1,"minecraft:stick":51,"minecraft:raw_iron":26,"minecraft:oak_fence":2,"minecraft:torch":13,"sophisticatedbackpacks:backpack":1,"minecraft:porkchop":11,"tombstone:grave_dust":4,"sophisticatedbackpacks:stack_upgrade_tier_3":1,"minecraft:arrow":3,"minecraft:rotten_flesh":10,"aquaculture:brown_trout":2,"minecraft:saddle":1,"gothic:molerat_fat":1,"minecraft:mutton":2,"minecraft:snowball":10,"minecraft:cobblestone":1124,"minecraft:birch_log":32,"minecraft:magma_block":3,"minecraft:feather":3,"minecraft:lilac":1,"minecraft:andesite":54,"minecraft:black_bed":6,"minecraft:leather":4,"minecraft:potato":24,"minecraft:oak_log":104,"minecraft:gunpowder":2,"vampirism:hunter_coat_legs_ultimate":1,"minecraft:dirt":37,"minecraft:white_banner":2,"myceliummire:blueshroom":18,"minecraft:red_carpet":1,"minecraft:bone":11,"minecraft:apple":6,"minecraft:bow":1,"minecraft:wheat_seeds":16,"minecraft:iron_ingot":3,"minecraft:oak_planks":1,"midnight_madness:dark_wolf_skin":3,"minecraft:book":36,"minecraft:oak_slab":1,"minecraft:smooth_basalt":15,"aquaculture:gar":1,"minecraft:sweet_berries":69,"minecraft:dandelion":1,"minecraft:raw_iron_block":7,"minecraft:gravel":1,"minecraft:sand":44,"minecraft:spruce_sapling":6,"minecraft:white_bed":10,"minecraft:spruce_log":29,"minecraft:mossy_stone_brick_slab":3,"minecraft:mossy_cobblestone":3,"gothic:meat":5,"minecraft:pumpkin_seeds":3,"minecraft:spruce_boat":1,"gothic:meadow_knotweed":1,"minecraft:gray_wool":1,"minecraft:bread":4,"minecraft:baked_potato":3,"tombstone:magic_scroll":1,"minecraft:oak_sapling":41,"minecraft:coal":37,"grimoireofgaia:fur":4},"minecraft:crafted":{"minecraft:oak_planks":28,"minecraft:raw_iron":63,"minecraft:bone_meal":18,"minecraft:cooked_mutton":1,"minecraft:iron_boots":1,"minecraft:leather":3,"sophisticatedbackpacks:copper_backpack":1,"minecraft:iron_axe":1,"minecraft:stone_pickaxe":1,"minecraft:spruce_boat":1,"minecraft:stone_hoe":1,"minecraft:oak_fence":21,"sophisticatedbackpacks:iron_backpack":1,"gothic:meat_cooked":5,"minecraft:cooked_porkchop":11,"minecraft:crafting_table":3,"minecraft:spruce_planks":88,"minecraft:wooden_pickaxe":1,"minecraft:baked_potato":2,"minecraft:iron_sword":1,"minecraft:copper_ingot":17,"sophisticatedbackpacks:gold_backpack":1,"minecraft:stone_axe":1,"minecraft:bread":1,"minecraft:air":0,"justhammers:iron_hammer":2,"minecraft:iron_chestplate":1,"minecraft:stick":4,"minecraft:iron_ingot":36,"minecraft:iron_pickaxe":1,"minecraft:gold_ingot":9,"minecraft:torch":8}},"DataVersion":3120}